filters,"country: Descending",filters,Count
"tags:Multirun_FullPremListWithoutWeek_Android_run1__TG",IN,"referral:0","1,270"
"tags:Multirun_FullPremListWithoutWeek_Android_run1__TG",IN,"referral:1","4,284"
"tags:Multirun_FullPremListWithoutWeek_Android_run1__TG",BR,"referral:0",349
"tags:Multirun_FullPremListWithoutWeek_Android_run1__TG",BR,"referral:1","2,211"
"tags:Multirun_FullPremListWithoutWeek_Android_run1__TG",TR,"referral:0",603
"tags:Multirun_FullPremListWithoutWeek_Android_run1__TG",TR,"referral:1","1,401"
"tags:Multirun_FullPremListWithoutWeek_Android_run1__TG",US,"referral:0","1,002"
"tags:Multirun_FullPremListWithoutWeek_Android_run1__TG",US,"referral:1",615
"tags:Multirun_FullPremListWithoutWeek_Android_run1__TG",CO,"referral:0",421
"tags:Multirun_FullPremListWithoutWeek_Android_run1__TG",CO,"referral:1","1,128"
"tags:Multirun_FullPremListWithoutWeek_Android_run1__TG",UA,"referral:0",754
"tags:Multirun_FullPremListWithoutWeek_Android_run1__TG",UA,"referral:1",773
"tags:Multirun_FullPremListWithoutWeek_Android_run1__TG",MX,"referral:0",263
"tags:Multirun_FullPremListWithoutWeek_Android_run1__TG",MX,"referral:1",772
"tags:Multirun_FullPremListWithoutWeek_Android_run1__TG",PK,"referral:0",217
"tags:Multirun_FullPremListWithoutWeek_Android_run1__TG",PK,"referral:1",545
"tags:Multirun_FullPremListWithoutWeek_Android_run1__TG",KZ,"referral:0",299
"tags:Multirun_FullPremListWithoutWeek_Android_run1__TG",KZ,"referral:1",365
"tags:Multirun_FullPremListWithoutWeek_Android_run1__TG",PH,"referral:0",106
"tags:Multirun_FullPremListWithoutWeek_Android_run1__TG",PH,"referral:1",383
"tags:Multirun_FullPremListWithoutWeek_Android_run1__TG",PE,"referral:0",120
"tags:Multirun_FullPremListWithoutWeek_Android_run1__TG",PE,"referral:1",360
"tags:Multirun_FullPremListWithoutWeek_Android_run1__TG",ES,"referral:0",110
"tags:Multirun_FullPremListWithoutWeek_Android_run1__TG",ES,"referral:1",365
"tags:Multirun_FullPremListWithoutWeek_Android_run1__TG",AR,"referral:0",129
"tags:Multirun_FullPremListWithoutWeek_Android_run1__TG",AR,"referral:1",325
"tags:Multirun_FullPremListWithoutWeek_Android_run1__TG",BD,"referral:0",123
"tags:Multirun_FullPremListWithoutWeek_Android_run1__TG",BD,"referral:1",324
"tags:Multirun_FullPremListWithoutWeek_Android_run1__TG",CL,"referral:0",110
"tags:Multirun_FullPremListWithoutWeek_Android_run1__TG",CL,"referral:1",311
"tags:Multirun_FullPremListWithoutWeek_Android_run1__TG",PT,"referral:0",58
"tags:Multirun_FullPremListWithoutWeek_Android_run1__TG",PT,"referral:1",285
"tags:Multirun_FullPremListWithoutWeek_Android_run1__TG",EC,"referral:0",105
"tags:Multirun_FullPremListWithoutWeek_Android_run1__TG",EC,"referral:1",237
"tags:Multirun_FullPremListWithoutWeek_Android_run1__TG",BY,"referral:0",192
"tags:Multirun_FullPremListWithoutWeek_Android_run1__TG",BY,"referral:1",125
"tags:Multirun_FullPremListWithoutWeek_Android_run1__TG",RO,"referral:0",40
"tags:Multirun_FullPremListWithoutWeek_Android_run1__TG",RO,"referral:1",264
"tags:Multirun_FullPremListWithoutWeek_Android_run1__TG",NG,"referral:0",232
"tags:Multirun_FullPremListWithoutWeek_Android_run1__TG",NG,"referral:1",71
"tags:Multirun_FullPremListWithoutWeek_Android_run1__TG",DE,"referral:0",98
"tags:Multirun_FullPremListWithoutWeek_Android_run1__TG",DE,"referral:1",195
"tags:Multirun_FullPremListWithoutWeek_Android_run1__TG",DZ,"referral:0",110
"tags:Multirun_FullPremListWithoutWeek_Android_run1__TG",DZ,"referral:1",173
"tags:Multirun_FullPremListWithoutWeek_Android_run1__TG",AE,"referral:0",117
"tags:Multirun_FullPremListWithoutWeek_Android_run1__TG",AE,"referral:1",121
"tags:Multirun_FullPremListWithoutWeek_Android_run1__TG",FR,"referral:0",56
"tags:Multirun_FullPremListWithoutWeek_Android_run1__TG",FR,"referral:1",171
"tags:Multirun_FullPremListWithoutWeek_Android_run1__TG",EG,"referral:0",67
"tags:Multirun_FullPremListWithoutWeek_Android_run1__TG",EG,"referral:1",150
"tags:Multirun_FullPremListWithoutWeek_Android_run1__TG",NP,"referral:0",41
"tags:Multirun_FullPremListWithoutWeek_Android_run1__TG",NP,"referral:1",173
"tags:Multirun_FullPremListWithoutWeek_Android_run1__TG",UZ,"referral:0",56
"tags:Multirun_FullPremListWithoutWeek_Android_run1__TG",UZ,"referral:1",153
"tags:Multirun_FullPremListWithoutWeek_Android_run1__TG",BG,"referral:0",37
"tags:Multirun_FullPremListWithoutWeek_Android_run1__TG",BG,"referral:1",163
"tags:Multirun_FullPremListWithoutWeek_Android_run1__TG",CR,"referral:0",40
"tags:Multirun_FullPremListWithoutWeek_Android_run1__TG",CR,"referral:1",155
"tags:Multirun_FullPremListWithoutWeek_Android_run1__TG",GH,"referral:0",110
"tags:Multirun_FullPremListWithoutWeek_Android_run1__TG",GH,"referral:1",84
"tags:Multirun_FullPremListWithoutWeek_Android_run1__TG",IT,"referral:0",93
"tags:Multirun_FullPremListWithoutWeek_Android_run1__TG",IT,"referral:1",91
"tags:Multirun_FullPremListWithoutWeek_Android_run1__TG",LK,"referral:0",57
"tags:Multirun_FullPremListWithoutWeek_Android_run1__TG",LK,"referral:1",127
"tags:Multirun_FullPremListWithoutWeek_Android_run1__TG",MD,"referral:0",64
"tags:Multirun_FullPremListWithoutWeek_Android_run1__TG",MD,"referral:1",118
"tags:Multirun_FullPremListWithoutWeek_Android_run1__TG",BO,"referral:0",59
"tags:Multirun_FullPremListWithoutWeek_Android_run1__TG",BO,"referral:1",122
"tags:Multirun_FullPremListWithoutWeek_Android_run1__TG",MA,"referral:0",75
"tags:Multirun_FullPremListWithoutWeek_Android_run1__TG",MA,"referral:1",93
"tags:Multirun_FullPremListWithoutWeek_Android_run1__TG",AZ,"referral:0",73
"tags:Multirun_FullPremListWithoutWeek_Android_run1__TG",AZ,"referral:1",93
"tags:Multirun_FullPremListWithoutWeek_Android_run1__TG",GB,"referral:0",84
"tags:Multirun_FullPremListWithoutWeek_Android_run1__TG",GB,"referral:1",78
"tags:Multirun_FullPremListWithoutWeek_Android_run1__TG",KG,"referral:0",52
"tags:Multirun_FullPremListWithoutWeek_Android_run1__TG",KG,"referral:1",102
"tags:Multirun_FullPremListWithoutWeek_Android_run1__TG",GT,"referral:0",37
"tags:Multirun_FullPremListWithoutWeek_Android_run1__TG",GT,"referral:1",114
"tags:Multirun_FullPremListWithoutWeek_Android_run1__TG",MY,"referral:0",24
"tags:Multirun_FullPremListWithoutWeek_Android_run1__TG",MY,"referral:1",114
"tags:Multirun_FullPremListWithoutWeek_Android_run1__TG",VE,"referral:0",45
"tags:Multirun_FullPremListWithoutWeek_Android_run1__TG",VE,"referral:1",85
"tags:Multirun_FullPremListWithoutWeek_Android_run1__TG",AM,"referral:0",64
"tags:Multirun_FullPremListWithoutWeek_Android_run1__TG",AM,"referral:1",64
"tags:Multirun_FullPremListWithoutWeek_Android_run1__TG",ID,"referral:0",38
"tags:Multirun_FullPremListWithoutWeek_Android_run1__TG",ID,"referral:1",89
"tags:Multirun_FullPremListWithoutWeek_Android_run1__TG",TN,"referral:0",48
"tags:Multirun_FullPremListWithoutWeek_Android_run1__TG",TN,"referral:1",77
"tags:Multirun_FullPremListWithoutWeek_Android_run1__TG",DO,"referral:0",20
"tags:Multirun_FullPremListWithoutWeek_Android_run1__TG",DO,"referral:1",87
"tags:Multirun_FullPremListWithoutWeek_Android_run1__TG",LB,"referral:0",47
"tags:Multirun_FullPremListWithoutWeek_Android_run1__TG",LB,"referral:1",57
"tags:Multirun_FullPremListWithoutWeek_Android_run1__TG",SA,"referral:0",23
"tags:Multirun_FullPremListWithoutWeek_Android_run1__TG",SA,"referral:1",79
"tags:Multirun_FullPremListWithoutWeek_Android_run1__TG",PY,"referral:0",29
"tags:Multirun_FullPremListWithoutWeek_Android_run1__TG",PY,"referral:1",69
"tags:Multirun_FullPremListWithoutWeek_Android_run1__TG",UY,"referral:0",36
"tags:Multirun_FullPremListWithoutWeek_Android_run1__TG",UY,"referral:1",62
"tags:Multirun_FullPremListWithoutWeek_Android_run1__TG",HN,"referral:0",36
"tags:Multirun_FullPremListWithoutWeek_Android_run1__TG",HN,"referral:1",47
"tags:Multirun_FullPremListWithoutWeek_Android_run1__TG",CA,"referral:0",42
"tags:Multirun_FullPremListWithoutWeek_Android_run1__TG",CA,"referral:1",38
"tags:Multirun_FullPremListWithoutWeek_Android_run1__TG",PL,"referral:0",29
"tags:Multirun_FullPremListWithoutWeek_Android_run1__TG",PL,"referral:1",49
"tags:Multirun_FullPremListWithoutWeek_Android_run1__TG",TJ,"referral:0",22
"tags:Multirun_FullPremListWithoutWeek_Android_run1__TG",TJ,"referral:1",56
"tags:Multirun_FullPremListWithoutWeek_Android_run1__TG",SV,"referral:0",31
"tags:Multirun_FullPremListWithoutWeek_Android_run1__TG",SV,"referral:1",46
"tags:Multirun_FullPremListWithoutWeek_Android_run1__TG",BE,"referral:0",13
"tags:Multirun_FullPremListWithoutWeek_Android_run1__TG",BE,"referral:1",62
"tags:Multirun_FullPremListWithoutWeek_Android_run1__TG",ZA,"referral:0",23
"tags:Multirun_FullPremListWithoutWeek_Android_run1__TG",ZA,"referral:1",48
"tags:Multirun_FullPremListWithoutWeek_Android_run1__TG",MZ,"referral:0",19
"tags:Multirun_FullPremListWithoutWeek_Android_run1__TG",MZ,"referral:1",50
"tags:Multirun_FullPremListWithoutWeek_Android_run1__TG",IL,"referral:0",27
"tags:Multirun_FullPremListWithoutWeek_Android_run1__TG",IL,"referral:1",40
"tags:Multirun_FullPremListWithoutWeek_Android_run1__TG",MK,"referral:0",10
"tags:Multirun_FullPremListWithoutWeek_Android_run1__TG",MK,"referral:1",49
"tags:Multirun_FullPremListWithoutWeek_Android_run1__TG",NL,"referral:0",33
"tags:Multirun_FullPremListWithoutWeek_Android_run1__TG",NL,"referral:1",21
"tags:Multirun_FullPremListWithoutWeek_Android_run1__TG",AU,"referral:0",18
"tags:Multirun_FullPremListWithoutWeek_Android_run1__TG",AU,"referral:1",35
"tags:Multirun_FullPremListWithoutWeek_Android_run1__TG",RS,"referral:0",19
"tags:Multirun_FullPremListWithoutWeek_Android_run1__TG",RS,"referral:1",33
"tags:Multirun_FullPremListWithoutWeek_Android_run1__TG",RU,"referral:0",37
"tags:Multirun_FullPremListWithoutWeek_Android_run1__TG",RU,"referral:1",14
"tags:Multirun_FullPremListWithoutWeek_Android_run1__TG",KE,"referral:0",16
"tags:Multirun_FullPremListWithoutWeek_Android_run1__TG",KE,"referral:1",33
"tags:Multirun_FullPremListWithoutWeek_Android_run1__TG",KW,"referral:0",11
"tags:Multirun_FullPremListWithoutWeek_Android_run1__TG",KW,"referral:1",38
"tags:Multirun_FullPremListWithoutWeek_Android_run1__TG",UG,"referral:0",14
"tags:Multirun_FullPremListWithoutWeek_Android_run1__TG",UG,"referral:1",35
"tags:Multirun_FullPremListWithoutWeek_Android_run1__TG",LV,"referral:0",29
"tags:Multirun_FullPremListWithoutWeek_Android_run1__TG",LV,"referral:1",19
"tags:Multirun_FullPremListWithoutWeek_Android_run1__TG",AT,"referral:0",8
"tags:Multirun_FullPremListWithoutWeek_Android_run1__TG",AT,"referral:1",37
"tags:Multirun_FullPremListWithoutWeek_Android_run1__TG",CM,"referral:0",11
"tags:Multirun_FullPremListWithoutWeek_Android_run1__TG",CM,"referral:1",29
"tags:Multirun_FullPremListWithoutWeek_Android_run1__TG",HU,"referral:0",6
"tags:Multirun_FullPremListWithoutWeek_Android_run1__TG",HU,"referral:1",32
"tags:Multirun_FullPremListWithoutWeek_Android_run1__TG",JO,"referral:0",11
"tags:Multirun_FullPremListWithoutWeek_Android_run1__TG",JO,"referral:1",27
"tags:Multirun_FullPremListWithoutWeek_Android_run1__TG",PR,"referral:0",10
"tags:Multirun_FullPremListWithoutWeek_Android_run1__TG",PR,"referral:1",26
"tags:Multirun_FullPremListWithoutWeek_Android_run1__TG",NI,"referral:0",14
"tags:Multirun_FullPremListWithoutWeek_Android_run1__TG",NI,"referral:1",21
"tags:Multirun_FullPremListWithoutWeek_Android_run1__TG",GR,"referral:0",13
"tags:Multirun_FullPremListWithoutWeek_Android_run1__TG",GR,"referral:1",21
"tags:Multirun_FullPremListWithoutWeek_Android_run1__TG",JM,"referral:0",13
"tags:Multirun_FullPremListWithoutWeek_Android_run1__TG",JM,"referral:1",21
"tags:Multirun_FullPremListWithoutWeek_Android_run1__TG",CZ,"referral:0",14
"tags:Multirun_FullPremListWithoutWeek_Android_run1__TG",CZ,"referral:1",19
"tags:Multirun_FullPremListWithoutWeek_Android_run1__TG",LT,"referral:0",12
"tags:Multirun_FullPremListWithoutWeek_Android_run1__TG",LT,"referral:1",21
"tags:Multirun_FullPremListWithoutWeek_Android_run1__TG",HR,"referral:0",10
"tags:Multirun_FullPremListWithoutWeek_Android_run1__TG",HR,"referral:1",22
"tags:Multirun_FullPremListWithoutWeek_Android_run1__TG",BA,"referral:0",5
"tags:Multirun_FullPremListWithoutWeek_Android_run1__TG",BA,"referral:1",26
"tags:Multirun_FullPremListWithoutWeek_Android_run1__TG",TZ,"referral:0",14
"tags:Multirun_FullPremListWithoutWeek_Android_run1__TG",TZ,"referral:1",17
"tags:Multirun_FullPremListWithoutWeek_Android_run1__TG",CU,"referral:0",7
"tags:Multirun_FullPremListWithoutWeek_Android_run1__TG",CU,"referral:1",23
"tags:Multirun_FullPremListWithoutWeek_Android_run1__TG",PA,"referral:0",14
"tags:Multirun_FullPremListWithoutWeek_Android_run1__TG",PA,"referral:1",16
"tags:Multirun_FullPremListWithoutWeek_Android_run1__TG",QA,"referral:0",14
"tags:Multirun_FullPremListWithoutWeek_Android_run1__TG",QA,"referral:1",16
"tags:Multirun_FullPremListWithoutWeek_Android_run1__TG",SG,"referral:0",10
"tags:Multirun_FullPremListWithoutWeek_Android_run1__TG",SG,"referral:1",20
"tags:Multirun_FullPremListWithoutWeek_Android_run1__TG",TH,"referral:0",10
"tags:Multirun_FullPremListWithoutWeek_Android_run1__TG",TH,"referral:1",20
"tags:Multirun_FullPremListWithoutWeek_Android_run1__TG",TT,"referral:0",6
"tags:Multirun_FullPremListWithoutWeek_Android_run1__TG",TT,"referral:1",24
"tags:Multirun_FullPremListWithoutWeek_Android_run1__TG",CY,"referral:0",10
"tags:Multirun_FullPremListWithoutWeek_Android_run1__TG",CY,"referral:1",18
"tags:Multirun_FullPremListWithoutWeek_Android_run1__TG",KR,"referral:0",9
"tags:Multirun_FullPremListWithoutWeek_Android_run1__TG",KR,"referral:1",18
"tags:Multirun_FullPremListWithoutWeek_Android_run1__TG",MU,"referral:0",10
"tags:Multirun_FullPremListWithoutWeek_Android_run1__TG",MU,"referral:1",17
"tags:Multirun_FullPremListWithoutWeek_Android_run1__TG",IR,"referral:0",9
"tags:Multirun_FullPremListWithoutWeek_Android_run1__TG",IR,"referral:1",17
"tags:Multirun_FullPremListWithoutWeek_Android_run1__TG",SE,"referral:0",8
"tags:Multirun_FullPremListWithoutWeek_Android_run1__TG",SE,"referral:1",18
"tags:Multirun_FullPremListWithoutWeek_Android_run1__TG",ZM,"referral:0",7
"tags:Multirun_FullPremListWithoutWeek_Android_run1__TG",ZM,"referral:1",19
"tags:Multirun_FullPremListWithoutWeek_Android_run1__TG",FJ,"referral:0",1
"tags:Multirun_FullPremListWithoutWeek_Android_run1__TG",FJ,"referral:1",22
"tags:Multirun_FullPremListWithoutWeek_Android_run1__TG",CN,"referral:0",2
"tags:Multirun_FullPremListWithoutWeek_Android_run1__TG",CN,"referral:1",20
"tags:Multirun_FullPremListWithoutWeek_Android_run1__TG",CI,"referral:0",15
"tags:Multirun_FullPremListWithoutWeek_Android_run1__TG",CI,"referral:1",6
"tags:Multirun_FullPremListWithoutWeek_Android_run1__TG",GE,"referral:0",13
"tags:Multirun_FullPremListWithoutWeek_Android_run1__TG",GE,"referral:1",7
"tags:Multirun_FullPremListWithoutWeek_Android_run1__TG",IQ,"referral:0",8
"tags:Multirun_FullPremListWithoutWeek_Android_run1__TG",IQ,"referral:1",12
"tags:Multirun_FullPremListWithoutWeek_Android_run1__TG",OM,"referral:0",4
"tags:Multirun_FullPremListWithoutWeek_Android_run1__TG",OM,"referral:1",15
"tags:Multirun_FullPremListWithoutWeek_Android_run1__TG",SK,"referral:0",5
"tags:Multirun_FullPremListWithoutWeek_Android_run1__TG",SK,"referral:1",14
"tags:Multirun_FullPremListWithoutWeek_Android_run1__TG",IE,"referral:0",11
"tags:Multirun_FullPremListWithoutWeek_Android_run1__TG",IE,"referral:1",7
"tags:Multirun_FullPremListWithoutWeek_Android_run1__TG",EE,"referral:0",9
"tags:Multirun_FullPremListWithoutWeek_Android_run1__TG",EE,"referral:1",8
"tags:Multirun_FullPremListWithoutWeek_Android_run1__TG",FI,"referral:0",3
"tags:Multirun_FullPremListWithoutWeek_Android_run1__TG",FI,"referral:1",14
"tags:Multirun_FullPremListWithoutWeek_Android_run1__TG",VN,"referral:0",4
"tags:Multirun_FullPremListWithoutWeek_Android_run1__TG",VN,"referral:1",13
"tags:Multirun_FullPremListWithoutWeek_Android_run1__TG",AL,"referral:0",7
"tags:Multirun_FullPremListWithoutWeek_Android_run1__TG",AL,"referral:1",9
"tags:Multirun_FullPremListWithoutWeek_Android_run1__TG",YE,"referral:0",7
"tags:Multirun_FullPremListWithoutWeek_Android_run1__TG",YE,"referral:1",9
"tags:Multirun_FullPremListWithoutWeek_Android_run1__TG",LU,"referral:0",5
"tags:Multirun_FullPremListWithoutWeek_Android_run1__TG",LU,"referral:1",9
"tags:Multirun_FullPremListWithoutWeek_Android_run1__TG",SD,"referral:0",4
"tags:Multirun_FullPremListWithoutWeek_Android_run1__TG",SD,"referral:1",10
"tags:Multirun_FullPremListWithoutWeek_Android_run1__TG",SI,"referral:0",3
"tags:Multirun_FullPremListWithoutWeek_Android_run1__TG",SI,"referral:1",11
"tags:Multirun_FullPremListWithoutWeek_Android_run1__TG",AF,"referral:0",2
"tags:Multirun_FullPremListWithoutWeek_Android_run1__TG",AF,"referral:1",11
"tags:Multirun_FullPremListWithoutWeek_Android_run1__TG",BZ,"referral:0",1
"tags:Multirun_FullPremListWithoutWeek_Android_run1__TG",BZ,"referral:1",11
"tags:Multirun_FullPremListWithoutWeek_Android_run1__TG",CH,"referral:0",2
"tags:Multirun_FullPremListWithoutWeek_Android_run1__TG",CH,"referral:1",10
"tags:Multirun_FullPremListWithoutWeek_Android_run1__TG",PG,"referral:0",1
"tags:Multirun_FullPremListWithoutWeek_Android_run1__TG",PG,"referral:1",11
"tags:Multirun_FullPremListWithoutWeek_Android_run1__TG",SN,"referral:0",3
"tags:Multirun_FullPremListWithoutWeek_Android_run1__TG",SN,"referral:1",9
"tags:Multirun_FullPremListWithoutWeek_Android_run1__TG",SY,"referral:0",2
"tags:Multirun_FullPremListWithoutWeek_Android_run1__TG",SY,"referral:1",10
"tags:Multirun_FullPremListWithoutWeek_Android_run1__TG",KH,"referral:0",1
"tags:Multirun_FullPremListWithoutWeek_Android_run1__TG",KH,"referral:1",10
"tags:Multirun_FullPremListWithoutWeek_Android_run1__TG",GD,"referral:0",0
"tags:Multirun_FullPremListWithoutWeek_Android_run1__TG",GD,"referral:1",10
"tags:Multirun_FullPremListWithoutWeek_Android_run1__TG",HT,"referral:0",1
"tags:Multirun_FullPremListWithoutWeek_Android_run1__TG",HT,"referral:1",9
"tags:Multirun_FullPremListWithoutWeek_Android_run1__TG",CD,"referral:0",3
"tags:Multirun_FullPremListWithoutWeek_Android_run1__TG",CD,"referral:1",6
"tags:Multirun_FullPremListWithoutWeek_Android_run1__TG",ET,"referral:0",3
"tags:Multirun_FullPremListWithoutWeek_Android_run1__TG",ET,"referral:1",6
"tags:Multirun_FullPremListWithoutWeek_Android_run1__TG",NA,"referral:0",5
"tags:Multirun_FullPremListWithoutWeek_Android_run1__TG",NA,"referral:1",4
"tags:Multirun_FullPremListWithoutWeek_Android_run1__TG",BH,"referral:0",2
"tags:Multirun_FullPremListWithoutWeek_Android_run1__TG",BH,"referral:1",6
"tags:Multirun_FullPremListWithoutWeek_Android_run1__TG",NO,"referral:0",1
"tags:Multirun_FullPremListWithoutWeek_Android_run1__TG",NO,"referral:1",7
"tags:Multirun_FullPremListWithoutWeek_Android_run1__TG",RW,"referral:0",2
"tags:Multirun_FullPremListWithoutWeek_Android_run1__TG",RW,"referral:1",6
"tags:Multirun_FullPremListWithoutWeek_Android_run1__TG",ZW,"referral:0",2
"tags:Multirun_FullPremListWithoutWeek_Android_run1__TG",ZW,"referral:1",6
"tags:Multirun_FullPremListWithoutWeek_Android_run1__TG",AD,"referral:0",0
"tags:Multirun_FullPremListWithoutWeek_Android_run1__TG",AD,"referral:1",7
"tags:Multirun_FullPremListWithoutWeek_Android_run1__TG",DK,"referral:0",2
"tags:Multirun_FullPremListWithoutWeek_Android_run1__TG",DK,"referral:1",5
"tags:Multirun_FullPremListWithoutWeek_Android_run1__TG",MW,"referral:0",0
"tags:Multirun_FullPremListWithoutWeek_Android_run1__TG",MW,"referral:1",7
"tags:Multirun_FullPremListWithoutWeek_Android_run1__TG",BJ,"referral:0",1
"tags:Multirun_FullPremListWithoutWeek_Android_run1__TG",BJ,"referral:1",5
"tags:Multirun_FullPremListWithoutWeek_Android_run1__TG",JP,"referral:0",2
"tags:Multirun_FullPremListWithoutWeek_Android_run1__TG",JP,"referral:1",4
"tags:Multirun_FullPremListWithoutWeek_Android_run1__TG",TW,"referral:0",3
"tags:Multirun_FullPremListWithoutWeek_Android_run1__TG",TW,"referral:1",3
"tags:Multirun_FullPremListWithoutWeek_Android_run1__TG",AO,"referral:0",1
"tags:Multirun_FullPremListWithoutWeek_Android_run1__TG",AO,"referral:1",4
"tags:Multirun_FullPremListWithoutWeek_Android_run1__TG",ML,"referral:0",3
"tags:Multirun_FullPremListWithoutWeek_Android_run1__TG",ML,"referral:1",2
"tags:Multirun_FullPremListWithoutWeek_Android_run1__TG",MM,"referral:0",0
"tags:Multirun_FullPremListWithoutWeek_Android_run1__TG",MM,"referral:1",5
"tags:Multirun_FullPremListWithoutWeek_Android_run1__TG",NZ,"referral:0",3
"tags:Multirun_FullPremListWithoutWeek_Android_run1__TG",NZ,"referral:1",2
"tags:Multirun_FullPremListWithoutWeek_Android_run1__TG",BF,"referral:0",2
"tags:Multirun_FullPremListWithoutWeek_Android_run1__TG",BF,"referral:1",2
"tags:Multirun_FullPremListWithoutWeek_Android_run1__TG",GN,"referral:0",0
"tags:Multirun_FullPremListWithoutWeek_Android_run1__TG",GN,"referral:1",4
"tags:Multirun_FullPremListWithoutWeek_Android_run1__TG",NE,"referral:0",0
"tags:Multirun_FullPremListWithoutWeek_Android_run1__TG",NE,"referral:1",4
"tags:Multirun_FullPremListWithoutWeek_Android_run1__TG",TD,"referral:0",1
"tags:Multirun_FullPremListWithoutWeek_Android_run1__TG",TD,"referral:1",3
"tags:Multirun_FullPremListWithoutWeek_Android_run1__TG",AW,"referral:0",0
"tags:Multirun_FullPremListWithoutWeek_Android_run1__TG",AW,"referral:1",3
"tags:Multirun_FullPremListWithoutWeek_Android_run1__TG",BS,"referral:0",1
"tags:Multirun_FullPremListWithoutWeek_Android_run1__TG",BS,"referral:1",2
"tags:Multirun_FullPremListWithoutWeek_Android_run1__TG",BT,"referral:0",0
"tags:Multirun_FullPremListWithoutWeek_Android_run1__TG",BT,"referral:1",3
"tags:Multirun_FullPremListWithoutWeek_Android_run1__TG",GW,"referral:0",0
"tags:Multirun_FullPremListWithoutWeek_Android_run1__TG",GW,"referral:1",3
"tags:Multirun_FullPremListWithoutWeek_Android_run1__TG",IS,"referral:0",0
"tags:Multirun_FullPremListWithoutWeek_Android_run1__TG",IS,"referral:1",3
"tags:Multirun_FullPremListWithoutWeek_Android_run1__TG",LA,"referral:0",1
"tags:Multirun_FullPremListWithoutWeek_Android_run1__TG",LA,"referral:1",2
"tags:Multirun_FullPremListWithoutWeek_Android_run1__TG",SO,"referral:0",1
"tags:Multirun_FullPremListWithoutWeek_Android_run1__TG",SO,"referral:1",2
"tags:Multirun_FullPremListWithoutWeek_Android_run1__TG",TG,"referral:0",0
"tags:Multirun_FullPremListWithoutWeek_Android_run1__TG",TG,"referral:1",3
"tags:Multirun_FullPremListWithoutWeek_Android_run1__TG",AG,"referral:0",1
"tags:Multirun_FullPremListWithoutWeek_Android_run1__TG",AG,"referral:1",1
"tags:Multirun_FullPremListWithoutWeek_Android_run1__TG",CV,"referral:0",0
"tags:Multirun_FullPremListWithoutWeek_Android_run1__TG",CV,"referral:1",2
"tags:Multirun_FullPremListWithoutWeek_Android_run1__TG",GF,"referral:0",1
"tags:Multirun_FullPremListWithoutWeek_Android_run1__TG",GF,"referral:1",1
"tags:Multirun_FullPremListWithoutWeek_Android_run1__TG",GQ,"referral:0",0
"tags:Multirun_FullPremListWithoutWeek_Android_run1__TG",GQ,"referral:1",2
"tags:Multirun_FullPremListWithoutWeek_Android_run1__TG",LY,"referral:0",2
"tags:Multirun_FullPremListWithoutWeek_Android_run1__TG",LY,"referral:1",0
"tags:Multirun_FullPremListWithoutWeek_Android_run1__TG",MT,"referral:0",1
"tags:Multirun_FullPremListWithoutWeek_Android_run1__TG",MT,"referral:1",1
"tags:Multirun_FullPremListWithoutWeek_Android_run1__TG",NC,"referral:0",1
"tags:Multirun_FullPremListWithoutWeek_Android_run1__TG",NC,"referral:1",1
"tags:Multirun_FullPremListWithoutWeek_Android_run1__TG",PS,"referral:0",1
"tags:Multirun_FullPremListWithoutWeek_Android_run1__TG",PS,"referral:1",1
"tags:Multirun_FullPremListWithoutWeek_Android_run1__TG",TM,"referral:0",2
"tags:Multirun_FullPremListWithoutWeek_Android_run1__TG",TM,"referral:1",0
"tags:Multirun_FullPremListWithoutWeek_Android_run1__TG",AS,"referral:0",0
"tags:Multirun_FullPremListWithoutWeek_Android_run1__TG",AS,"referral:1",1
"tags:Multirun_FullPremListWithoutWeek_Android_run1__TG",BN,"referral:0",1
"tags:Multirun_FullPremListWithoutWeek_Android_run1__TG",BN,"referral:1",0
"tags:Multirun_FullPremListWithoutWeek_Android_run1__TG",BW,"referral:0",0
"tags:Multirun_FullPremListWithoutWeek_Android_run1__TG",BW,"referral:1",1
"tags:Multirun_FullPremListWithoutWeek_Android_run1__TG",CF,"referral:0",0
"tags:Multirun_FullPremListWithoutWeek_Android_run1__TG",CF,"referral:1",1
"tags:Multirun_FullPremListWithoutWeek_Android_run1__TG",CG,"referral:0",1
"tags:Multirun_FullPremListWithoutWeek_Android_run1__TG",CG,"referral:1",0
"tags:Multirun_FullPremListWithoutWeek_Android_run1__TG",EH,"referral:0",1
"tags:Multirun_FullPremListWithoutWeek_Android_run1__TG",EH,"referral:1",0
"tags:Multirun_FullPremListWithoutWeek_Android_run1__TG",ER,"referral:0",1
"tags:Multirun_FullPremListWithoutWeek_Android_run1__TG",ER,"referral:1",0
"tags:Multirun_FullPremListWithoutWeek_Android_run1__TG",GA,"referral:0",1
"tags:Multirun_FullPremListWithoutWeek_Android_run1__TG",GA,"referral:1",0
"tags:Multirun_FullPremListWithoutWeek_Android_run1__TG",GI,"referral:0",0
"tags:Multirun_FullPremListWithoutWeek_Android_run1__TG",GI,"referral:1",1
"tags:Multirun_FullPremListWithoutWeek_Android_run1__TG",GM,"referral:0",0
"tags:Multirun_FullPremListWithoutWeek_Android_run1__TG",GM,"referral:1",1
"tags:Multirun_FullPremListWithoutWeek_Android_run1__TG",GY,"referral:0",1
"tags:Multirun_FullPremListWithoutWeek_Android_run1__TG",GY,"referral:1",0
"tags:Multirun_FullPremListWithoutWeek_Android_run1__TG",LC,"referral:0",0
"tags:Multirun_FullPremListWithoutWeek_Android_run1__TG",LC,"referral:1",1
"tags:Multirun_FullPremListWithoutWeek_Android_run1__TG",LI,"referral:0",0
"tags:Multirun_FullPremListWithoutWeek_Android_run1__TG",LI,"referral:1",1
"tags:Multirun_FullPremListWithoutWeek_Android_run1__TG",LR,"referral:0",0
"tags:Multirun_FullPremListWithoutWeek_Android_run1__TG",LR,"referral:1",1
"tags:Multirun_FullPremListWithoutWeek_Android_run1__TG",MC,"referral:0",0
"tags:Multirun_FullPremListWithoutWeek_Android_run1__TG",MC,"referral:1",1
"tags:Multirun_FullPremListWithoutWeek_Android_run1__TG",ME,"referral:0",1
"tags:Multirun_FullPremListWithoutWeek_Android_run1__TG",ME,"referral:1",0
"tags:Multirun_FullPremListWithoutWeek_Android_run1__TG",MG,"referral:0",0
"tags:Multirun_FullPremListWithoutWeek_Android_run1__TG",MG,"referral:1",1
"tags:Multirun_FullPremListWithoutWeek_Android_run1__TG",MR,"referral:0",1
"tags:Multirun_FullPremListWithoutWeek_Android_run1__TG",MR,"referral:1",0
"tags:Multirun_FullPremListWithoutWeek_Android_run1__TG",RE,"referral:0",1
"tags:Multirun_FullPremListWithoutWeek_Android_run1__TG",RE,"referral:1",0
"tags:Multirun_FullPremListWithoutWeek_Android_run1__TG",SB,"referral:0",0
"tags:Multirun_FullPremListWithoutWeek_Android_run1__TG",SB,"referral:1",1
"tags:Multirun_FullPremListWithoutWeek_Android_run1__TG",SL,"referral:0",0
"tags:Multirun_FullPremListWithoutWeek_Android_run1__TG",SL,"referral:1",1
"tags:Multirun_FullPremListWithoutWeek_Android_run1__TG",SM,"referral:0",0
"tags:Multirun_FullPremListWithoutWeek_Android_run1__TG",SM,"referral:1",1
"tags:Multirun_FullPremListWithoutWeek_Android_run1__TG",ST,"referral:0",0
"tags:Multirun_FullPremListWithoutWeek_Android_run1__TG",ST,"referral:1",1
"tags:Multirun_FullPremListWithoutWeek_Android_run1__TG",TL,"referral:0",0
"tags:Multirun_FullPremListWithoutWeek_Android_run1__TG",TL,"referral:1",1
"tags:Multirun_FullPremListWithoutWeek_Android_run1__CG1",IN,"referral:0","1,284"
"tags:Multirun_FullPremListWithoutWeek_Android_run1__CG1",IN,"referral:1","4,343"
"tags:Multirun_FullPremListWithoutWeek_Android_run1__CG1",BR,"referral:0",343
"tags:Multirun_FullPremListWithoutWeek_Android_run1__CG1",BR,"referral:1","2,252"
"tags:Multirun_FullPremListWithoutWeek_Android_run1__CG1",TR,"referral:0",617
"tags:Multirun_FullPremListWithoutWeek_Android_run1__CG1",TR,"referral:1","1,377"
"tags:Multirun_FullPremListWithoutWeek_Android_run1__CG1",US,"referral:0","1,008"
"tags:Multirun_FullPremListWithoutWeek_Android_run1__CG1",US,"referral:1",602
"tags:Multirun_FullPremListWithoutWeek_Android_run1__CG1",CO,"referral:0",446
"tags:Multirun_FullPremListWithoutWeek_Android_run1__CG1",CO,"referral:1","1,114"
"tags:Multirun_FullPremListWithoutWeek_Android_run1__CG1",UA,"referral:0",717
"tags:Multirun_FullPremListWithoutWeek_Android_run1__CG1",UA,"referral:1",807
"tags:Multirun_FullPremListWithoutWeek_Android_run1__CG1",MX,"referral:0",279
"tags:Multirun_FullPremListWithoutWeek_Android_run1__CG1",MX,"referral:1",743
"tags:Multirun_FullPremListWithoutWeek_Android_run1__CG1",PK,"referral:0",236
"tags:Multirun_FullPremListWithoutWeek_Android_run1__CG1",PK,"referral:1",474
"tags:Multirun_FullPremListWithoutWeek_Android_run1__CG1",KZ,"referral:0",285
"tags:Multirun_FullPremListWithoutWeek_Android_run1__CG1",KZ,"referral:1",397
"tags:Multirun_FullPremListWithoutWeek_Android_run1__CG1",PH,"referral:0",88
"tags:Multirun_FullPremListWithoutWeek_Android_run1__CG1",PH,"referral:1",423
"tags:Multirun_FullPremListWithoutWeek_Android_run1__CG1",PE,"referral:0",94
"tags:Multirun_FullPremListWithoutWeek_Android_run1__CG1",PE,"referral:1",390
"tags:Multirun_FullPremListWithoutWeek_Android_run1__CG1",BD,"referral:0",142
"tags:Multirun_FullPremListWithoutWeek_Android_run1__CG1",BD,"referral:1",316
"tags:Multirun_FullPremListWithoutWeek_Android_run1__CG1",ES,"referral:0",115
"tags:Multirun_FullPremListWithoutWeek_Android_run1__CG1",ES,"referral:1",342
"tags:Multirun_FullPremListWithoutWeek_Android_run1__CG1",AR,"referral:0",135
"tags:Multirun_FullPremListWithoutWeek_Android_run1__CG1",AR,"referral:1",294
"tags:Multirun_FullPremListWithoutWeek_Android_run1__CG1",CL,"referral:0",88
"tags:Multirun_FullPremListWithoutWeek_Android_run1__CG1",CL,"referral:1",321
"tags:Multirun_FullPremListWithoutWeek_Android_run1__CG1",EC,"referral:0",101
"tags:Multirun_FullPremListWithoutWeek_Android_run1__CG1",EC,"referral:1",246
"tags:Multirun_FullPremListWithoutWeek_Android_run1__CG1",PT,"referral:0",69
"tags:Multirun_FullPremListWithoutWeek_Android_run1__CG1",PT,"referral:1",253
"tags:Multirun_FullPremListWithoutWeek_Android_run1__CG1",RO,"referral:0",46
"tags:Multirun_FullPremListWithoutWeek_Android_run1__CG1",RO,"referral:1",257
"tags:Multirun_FullPremListWithoutWeek_Android_run1__CG1",DZ,"referral:0",127
"tags:Multirun_FullPremListWithoutWeek_Android_run1__CG1",DZ,"referral:1",172
"tags:Multirun_FullPremListWithoutWeek_Android_run1__CG1",BY,"referral:0",194
"tags:Multirun_FullPremListWithoutWeek_Android_run1__CG1",BY,"referral:1",102
"tags:Multirun_FullPremListWithoutWeek_Android_run1__CG1",NG,"referral:0",247
"tags:Multirun_FullPremListWithoutWeek_Android_run1__CG1",NG,"referral:1",49
"tags:Multirun_FullPremListWithoutWeek_Android_run1__CG1",AE,"referral:0",117
"tags:Multirun_FullPremListWithoutWeek_Android_run1__CG1",AE,"referral:1",155
"tags:Multirun_FullPremListWithoutWeek_Android_run1__CG1",FR,"referral:0",79
"tags:Multirun_FullPremListWithoutWeek_Android_run1__CG1",FR,"referral:1",185
"tags:Multirun_FullPremListWithoutWeek_Android_run1__CG1",DE,"referral:0",88
"tags:Multirun_FullPremListWithoutWeek_Android_run1__CG1",DE,"referral:1",171
"tags:Multirun_FullPremListWithoutWeek_Android_run1__CG1",UZ,"referral:0",46
"tags:Multirun_FullPremListWithoutWeek_Android_run1__CG1",UZ,"referral:1",174
"tags:Multirun_FullPremListWithoutWeek_Android_run1__CG1",GH,"referral:0",126
"tags:Multirun_FullPremListWithoutWeek_Android_run1__CG1",GH,"referral:1",91
"tags:Multirun_FullPremListWithoutWeek_Android_run1__CG1",EG,"referral:0",78
"tags:Multirun_FullPremListWithoutWeek_Android_run1__CG1",EG,"referral:1",136
"tags:Multirun_FullPremListWithoutWeek_Android_run1__CG1",GB,"referral:0",103
"tags:Multirun_FullPremListWithoutWeek_Android_run1__CG1",GB,"referral:1",101
"tags:Multirun_FullPremListWithoutWeek_Android_run1__CG1",CR,"referral:0",43
"tags:Multirun_FullPremListWithoutWeek_Android_run1__CG1",CR,"referral:1",158
"tags:Multirun_FullPremListWithoutWeek_Android_run1__CG1",IT,"referral:0",97
"tags:Multirun_FullPremListWithoutWeek_Android_run1__CG1",IT,"referral:1",103
"tags:Multirun_FullPremListWithoutWeek_Android_run1__CG1",AZ,"referral:0",81
"tags:Multirun_FullPremListWithoutWeek_Android_run1__CG1",AZ,"referral:1",117
"tags:Multirun_FullPremListWithoutWeek_Android_run1__CG1",NP,"referral:0",44
"tags:Multirun_FullPremListWithoutWeek_Android_run1__CG1",NP,"referral:1",154
"tags:Multirun_FullPremListWithoutWeek_Android_run1__CG1",BG,"referral:0",38
"tags:Multirun_FullPremListWithoutWeek_Android_run1__CG1",BG,"referral:1",159
"tags:Multirun_FullPremListWithoutWeek_Android_run1__CG1",LK,"referral:0",53
"tags:Multirun_FullPremListWithoutWeek_Android_run1__CG1",LK,"referral:1",127
"tags:Multirun_FullPremListWithoutWeek_Android_run1__CG1",MA,"referral:0",71
"tags:Multirun_FullPremListWithoutWeek_Android_run1__CG1",MA,"referral:1",100
"tags:Multirun_FullPremListWithoutWeek_Android_run1__CG1",MD,"referral:0",49
"tags:Multirun_FullPremListWithoutWeek_Android_run1__CG1",MD,"referral:1",120
"tags:Multirun_FullPremListWithoutWeek_Android_run1__CG1",BO,"referral:0",49
"tags:Multirun_FullPremListWithoutWeek_Android_run1__CG1",BO,"referral:1",117
"tags:Multirun_FullPremListWithoutWeek_Android_run1__CG1",KG,"referral:0",52
"tags:Multirun_FullPremListWithoutWeek_Android_run1__CG1",KG,"referral:1",102
"tags:Multirun_FullPremListWithoutWeek_Android_run1__CG1",VE,"referral:0",35
"tags:Multirun_FullPremListWithoutWeek_Android_run1__CG1",VE,"referral:1",105
"tags:Multirun_FullPremListWithoutWeek_Android_run1__CG1",ID,"referral:0",33
"tags:Multirun_FullPremListWithoutWeek_Android_run1__CG1",ID,"referral:1",104
"tags:Multirun_FullPremListWithoutWeek_Android_run1__CG1",GT,"referral:0",31
"tags:Multirun_FullPremListWithoutWeek_Android_run1__CG1",GT,"referral:1",101
"tags:Multirun_FullPremListWithoutWeek_Android_run1__CG1",AM,"referral:0",61
"tags:Multirun_FullPremListWithoutWeek_Android_run1__CG1",AM,"referral:1",65
"tags:Multirun_FullPremListWithoutWeek_Android_run1__CG1",MY,"referral:0",19
"tags:Multirun_FullPremListWithoutWeek_Android_run1__CG1",MY,"referral:1",95
"tags:Multirun_FullPremListWithoutWeek_Android_run1__CG1",TN,"referral:0",47
"tags:Multirun_FullPremListWithoutWeek_Android_run1__CG1",TN,"referral:1",67
"tags:Multirun_FullPremListWithoutWeek_Android_run1__CG1",SA,"referral:0",23
"tags:Multirun_FullPremListWithoutWeek_Android_run1__CG1",SA,"referral:1",85
"tags:Multirun_FullPremListWithoutWeek_Android_run1__CG1",PY,"referral:0",26
"tags:Multirun_FullPremListWithoutWeek_Android_run1__CG1",PY,"referral:1",76
"tags:Multirun_FullPremListWithoutWeek_Android_run1__CG1",DO,"referral:0",18
"tags:Multirun_FullPremListWithoutWeek_Android_run1__CG1",DO,"referral:1",83
"tags:Multirun_FullPremListWithoutWeek_Android_run1__CG1",LB,"referral:0",41
"tags:Multirun_FullPremListWithoutWeek_Android_run1__CG1",LB,"referral:1",60
"tags:Multirun_FullPremListWithoutWeek_Android_run1__CG1",NL,"referral:0",56
"tags:Multirun_FullPremListWithoutWeek_Android_run1__CG1",NL,"referral:1",45
"tags:Multirun_FullPremListWithoutWeek_Android_run1__CG1",TJ,"referral:0",17
"tags:Multirun_FullPremListWithoutWeek_Android_run1__CG1",TJ,"referral:1",74
"tags:Multirun_FullPremListWithoutWeek_Android_run1__CG1",SV,"referral:0",37
"tags:Multirun_FullPremListWithoutWeek_Android_run1__CG1",SV,"referral:1",52
"tags:Multirun_FullPremListWithoutWeek_Android_run1__CG1",ZA,"referral:0",26
"tags:Multirun_FullPremListWithoutWeek_Android_run1__CG1",ZA,"referral:1",61
"tags:Multirun_FullPremListWithoutWeek_Android_run1__CG1",BE,"referral:0",14
"tags:Multirun_FullPremListWithoutWeek_Android_run1__CG1",BE,"referral:1",72
"tags:Multirun_FullPremListWithoutWeek_Android_run1__CG1",PL,"referral:0",35
"tags:Multirun_FullPremListWithoutWeek_Android_run1__CG1",PL,"referral:1",51
"tags:Multirun_FullPremListWithoutWeek_Android_run1__CG1",UY,"referral:0",16
"tags:Multirun_FullPremListWithoutWeek_Android_run1__CG1",UY,"referral:1",70
"tags:Multirun_FullPremListWithoutWeek_Android_run1__CG1",CA,"referral:0",47
"tags:Multirun_FullPremListWithoutWeek_Android_run1__CG1",CA,"referral:1",36
"tags:Multirun_FullPremListWithoutWeek_Android_run1__CG1",HN,"referral:0",35
"tags:Multirun_FullPremListWithoutWeek_Android_run1__CG1",HN,"referral:1",47
"tags:Multirun_FullPremListWithoutWeek_Android_run1__CG1",IL,"referral:0",30
"tags:Multirun_FullPremListWithoutWeek_Android_run1__CG1",IL,"referral:1",41
"tags:Multirun_FullPremListWithoutWeek_Android_run1__CG1",KE,"referral:0",24
"tags:Multirun_FullPremListWithoutWeek_Android_run1__CG1",KE,"referral:1",39
"tags:Multirun_FullPremListWithoutWeek_Android_run1__CG1",MZ,"referral:0",15
"tags:Multirun_FullPremListWithoutWeek_Android_run1__CG1",MZ,"referral:1",44
"tags:Multirun_FullPremListWithoutWeek_Android_run1__CG1",AT,"referral:0",10
"tags:Multirun_FullPremListWithoutWeek_Android_run1__CG1",AT,"referral:1",46
"tags:Multirun_FullPremListWithoutWeek_Android_run1__CG1",AU,"referral:0",13
"tags:Multirun_FullPremListWithoutWeek_Android_run1__CG1",AU,"referral:1",42
"tags:Multirun_FullPremListWithoutWeek_Android_run1__CG1",RS,"referral:0",25
"tags:Multirun_FullPremListWithoutWeek_Android_run1__CG1",RS,"referral:1",29
"tags:Multirun_FullPremListWithoutWeek_Android_run1__CG1",MK,"referral:0",9
"tags:Multirun_FullPremListWithoutWeek_Android_run1__CG1",MK,"referral:1",43
"tags:Multirun_FullPremListWithoutWeek_Android_run1__CG1",JM,"referral:0",20
"tags:Multirun_FullPremListWithoutWeek_Android_run1__CG1",JM,"referral:1",31
"tags:Multirun_FullPremListWithoutWeek_Android_run1__CG1",UG,"referral:0",10
"tags:Multirun_FullPremListWithoutWeek_Android_run1__CG1",UG,"referral:1",38
"tags:Multirun_FullPremListWithoutWeek_Android_run1__CG1",LT,"referral:0",18
"tags:Multirun_FullPremListWithoutWeek_Android_run1__CG1",LT,"referral:1",26
"tags:Multirun_FullPremListWithoutWeek_Android_run1__CG1",TZ,"referral:0",7
"tags:Multirun_FullPremListWithoutWeek_Android_run1__CG1",TZ,"referral:1",37
"tags:Multirun_FullPremListWithoutWeek_Android_run1__CG1",JO,"referral:0",18
"tags:Multirun_FullPremListWithoutWeek_Android_run1__CG1",JO,"referral:1",24
"tags:Multirun_FullPremListWithoutWeek_Android_run1__CG1",TT,"referral:0",9
"tags:Multirun_FullPremListWithoutWeek_Android_run1__CG1",TT,"referral:1",32
"tags:Multirun_FullPremListWithoutWeek_Android_run1__CG1",RU,"referral:0",28
"tags:Multirun_FullPremListWithoutWeek_Android_run1__CG1",RU,"referral:1",12
"tags:Multirun_FullPremListWithoutWeek_Android_run1__CG1",LV,"referral:0",18
"tags:Multirun_FullPremListWithoutWeek_Android_run1__CG1",LV,"referral:1",21
"tags:Multirun_FullPremListWithoutWeek_Android_run1__CG1",QA,"referral:0",6
"tags:Multirun_FullPremListWithoutWeek_Android_run1__CG1",QA,"referral:1",31
"tags:Multirun_FullPremListWithoutWeek_Android_run1__CG1",CM,"referral:0",13
"tags:Multirun_FullPremListWithoutWeek_Android_run1__CG1",CM,"referral:1",23
"tags:Multirun_FullPremListWithoutWeek_Android_run1__CG1",GR,"referral:0",11
"tags:Multirun_FullPremListWithoutWeek_Android_run1__CG1",GR,"referral:1",25
"tags:Multirun_FullPremListWithoutWeek_Android_run1__CG1",SE,"referral:0",7
"tags:Multirun_FullPremListWithoutWeek_Android_run1__CG1",SE,"referral:1",29
"tags:Multirun_FullPremListWithoutWeek_Android_run1__CG1",KW,"referral:0",11
"tags:Multirun_FullPremListWithoutWeek_Android_run1__CG1",KW,"referral:1",24
"tags:Multirun_FullPremListWithoutWeek_Android_run1__CG1",NI,"referral:0",14
"tags:Multirun_FullPremListWithoutWeek_Android_run1__CG1",NI,"referral:1",21
"tags:Multirun_FullPremListWithoutWeek_Android_run1__CG1",PA,"referral:0",9
"tags:Multirun_FullPremListWithoutWeek_Android_run1__CG1",PA,"referral:1",26
"tags:Multirun_FullPremListWithoutWeek_Android_run1__CG1",PR,"referral:0",7
"tags:Multirun_FullPremListWithoutWeek_Android_run1__CG1",PR,"referral:1",26
"tags:Multirun_FullPremListWithoutWeek_Android_run1__CG1",MU,"referral:0",8
"tags:Multirun_FullPremListWithoutWeek_Android_run1__CG1",MU,"referral:1",24
"tags:Multirun_FullPremListWithoutWeek_Android_run1__CG1",TH,"referral:0",10
"tags:Multirun_FullPremListWithoutWeek_Android_run1__CG1",TH,"referral:1",22
"tags:Multirun_FullPremListWithoutWeek_Android_run1__CG1",ZM,"referral:0",6
"tags:Multirun_FullPremListWithoutWeek_Android_run1__CG1",ZM,"referral:1",26
"tags:Multirun_FullPremListWithoutWeek_Android_run1__CG1",FJ,"referral:0",7
"tags:Multirun_FullPremListWithoutWeek_Android_run1__CG1",FJ,"referral:1",23
"tags:Multirun_FullPremListWithoutWeek_Android_run1__CG1",BA,"referral:0",7
"tags:Multirun_FullPremListWithoutWeek_Android_run1__CG1",BA,"referral:1",22
"tags:Multirun_FullPremListWithoutWeek_Android_run1__CG1",SG,"referral:0",11
"tags:Multirun_FullPremListWithoutWeek_Android_run1__CG1",SG,"referral:1",18
"tags:Multirun_FullPremListWithoutWeek_Android_run1__CG1",CU,"referral:0",11
"tags:Multirun_FullPremListWithoutWeek_Android_run1__CG1",CU,"referral:1",17
"tags:Multirun_FullPremListWithoutWeek_Android_run1__CG1",IQ,"referral:0",12
"tags:Multirun_FullPremListWithoutWeek_Android_run1__CG1",IQ,"referral:1",16
"tags:Multirun_FullPremListWithoutWeek_Android_run1__CG1",CY,"referral:0",9
"tags:Multirun_FullPremListWithoutWeek_Android_run1__CG1",CY,"referral:1",17
"tags:Multirun_FullPremListWithoutWeek_Android_run1__CG1",KR,"referral:0",10
"tags:Multirun_FullPremListWithoutWeek_Android_run1__CG1",KR,"referral:1",16
"tags:Multirun_FullPremListWithoutWeek_Android_run1__CG1",CH,"referral:0",5
"tags:Multirun_FullPremListWithoutWeek_Android_run1__CG1",CH,"referral:1",20
"tags:Multirun_FullPremListWithoutWeek_Android_run1__CG1",CN,"referral:0",6
"tags:Multirun_FullPremListWithoutWeek_Android_run1__CG1",CN,"referral:1",19
"tags:Multirun_FullPremListWithoutWeek_Android_run1__CG1",CZ,"referral:0",8
"tags:Multirun_FullPremListWithoutWeek_Android_run1__CG1",CZ,"referral:1",17
"tags:Multirun_FullPremListWithoutWeek_Android_run1__CG1",HR,"referral:0",7
"tags:Multirun_FullPremListWithoutWeek_Android_run1__CG1",HR,"referral:1",18
"tags:Multirun_FullPremListWithoutWeek_Android_run1__CG1",AL,"referral:0",8
"tags:Multirun_FullPremListWithoutWeek_Android_run1__CG1",AL,"referral:1",16
"tags:Multirun_FullPremListWithoutWeek_Android_run1__CG1",EE,"referral:0",7
"tags:Multirun_FullPremListWithoutWeek_Android_run1__CG1",EE,"referral:1",17
"tags:Multirun_FullPremListWithoutWeek_Android_run1__CG1",HU,"referral:0",6
"tags:Multirun_FullPremListWithoutWeek_Android_run1__CG1",HU,"referral:1",18
"tags:Multirun_FullPremListWithoutWeek_Android_run1__CG1",SK,"referral:0",7
"tags:Multirun_FullPremListWithoutWeek_Android_run1__CG1",SK,"referral:1",16
"tags:Multirun_FullPremListWithoutWeek_Android_run1__CG1",ET,"referral:0",6
"tags:Multirun_FullPremListWithoutWeek_Android_run1__CG1",ET,"referral:1",15
"tags:Multirun_FullPremListWithoutWeek_Android_run1__CG1",IR,"referral:0",7
"tags:Multirun_FullPremListWithoutWeek_Android_run1__CG1",IR,"referral:1",14
"tags:Multirun_FullPremListWithoutWeek_Android_run1__CG1",KH,"referral:0",1
"tags:Multirun_FullPremListWithoutWeek_Android_run1__CG1",KH,"referral:1",18
"tags:Multirun_FullPremListWithoutWeek_Android_run1__CG1",GE,"referral:0",11
"tags:Multirun_FullPremListWithoutWeek_Android_run1__CG1",GE,"referral:1",7
"tags:Multirun_FullPremListWithoutWeek_Android_run1__CG1",SN,"referral:0",5
"tags:Multirun_FullPremListWithoutWeek_Android_run1__CG1",SN,"referral:1",13
"tags:Multirun_FullPremListWithoutWeek_Android_run1__CG1",CI,"referral:0",10
"tags:Multirun_FullPremListWithoutWeek_Android_run1__CG1",CI,"referral:1",7
"tags:Multirun_FullPremListWithoutWeek_Android_run1__CG1",AO,"referral:0",7
"tags:Multirun_FullPremListWithoutWeek_Android_run1__CG1",AO,"referral:1",9
"tags:Multirun_FullPremListWithoutWeek_Android_run1__CG1",PG,"referral:0",8
"tags:Multirun_FullPremListWithoutWeek_Android_run1__CG1",PG,"referral:1",7
"tags:Multirun_FullPremListWithoutWeek_Android_run1__CG1",SI,"referral:0",4
"tags:Multirun_FullPremListWithoutWeek_Android_run1__CG1",SI,"referral:1",11
"tags:Multirun_FullPremListWithoutWeek_Android_run1__CG1",VN,"referral:0",6
"tags:Multirun_FullPremListWithoutWeek_Android_run1__CG1",VN,"referral:1",9
"tags:Multirun_FullPremListWithoutWeek_Android_run1__CG1",LU,"referral:0",3
"tags:Multirun_FullPremListWithoutWeek_Android_run1__CG1",LU,"referral:1",11
"tags:Multirun_FullPremListWithoutWeek_Android_run1__CG1",BH,"referral:0",2
"tags:Multirun_FullPremListWithoutWeek_Android_run1__CG1",BH,"referral:1",11
"tags:Multirun_FullPremListWithoutWeek_Android_run1__CG1",CD,"referral:0",3
"tags:Multirun_FullPremListWithoutWeek_Android_run1__CG1",CD,"referral:1",10
"tags:Multirun_FullPremListWithoutWeek_Android_run1__CG1",FI,"referral:0",4
"tags:Multirun_FullPremListWithoutWeek_Android_run1__CG1",FI,"referral:1",9
"tags:Multirun_FullPremListWithoutWeek_Android_run1__CG1",NO,"referral:0",4
"tags:Multirun_FullPremListWithoutWeek_Android_run1__CG1",NO,"referral:1",9
"tags:Multirun_FullPremListWithoutWeek_Android_run1__CG1",SD,"referral:0",1
"tags:Multirun_FullPremListWithoutWeek_Android_run1__CG1",SD,"referral:1",11
"tags:Multirun_FullPremListWithoutWeek_Android_run1__CG1",YE,"referral:0",2
"tags:Multirun_FullPremListWithoutWeek_Android_run1__CG1",YE,"referral:1",10
"tags:Multirun_FullPremListWithoutWeek_Android_run1__CG1",JP,"referral:0",3
"tags:Multirun_FullPremListWithoutWeek_Android_run1__CG1",JP,"referral:1",8
"tags:Multirun_FullPremListWithoutWeek_Android_run1__CG1",NA,"referral:0",5
"tags:Multirun_FullPremListWithoutWeek_Android_run1__CG1",NA,"referral:1",6
"tags:Multirun_FullPremListWithoutWeek_Android_run1__CG1",AF,"referral:0",2
"tags:Multirun_FullPremListWithoutWeek_Android_run1__CG1",AF,"referral:1",8
"tags:Multirun_FullPremListWithoutWeek_Android_run1__CG1",IE,"referral:0",2
"tags:Multirun_FullPremListWithoutWeek_Android_run1__CG1",IE,"referral:1",8
"tags:Multirun_FullPremListWithoutWeek_Android_run1__CG1",BZ,"referral:0",4
"tags:Multirun_FullPremListWithoutWeek_Android_run1__CG1",BZ,"referral:1",5
"tags:Multirun_FullPremListWithoutWeek_Android_run1__CG1",BF,"referral:0",3
"tags:Multirun_FullPremListWithoutWeek_Android_run1__CG1",BF,"referral:1",5
"tags:Multirun_FullPremListWithoutWeek_Android_run1__CG1",DK,"referral:0",3
"tags:Multirun_FullPremListWithoutWeek_Android_run1__CG1",DK,"referral:1",5
"tags:Multirun_FullPremListWithoutWeek_Android_run1__CG1",ZW,"referral:0",2
"tags:Multirun_FullPremListWithoutWeek_Android_run1__CG1",ZW,"referral:1",6
"tags:Multirun_FullPremListWithoutWeek_Android_run1__CG1",BJ,"referral:0",2
"tags:Multirun_FullPremListWithoutWeek_Android_run1__CG1",BJ,"referral:1",5
"tags:Multirun_FullPremListWithoutWeek_Android_run1__CG1",HT,"referral:0",3
"tags:Multirun_FullPremListWithoutWeek_Android_run1__CG1",HT,"referral:1",4
"tags:Multirun_FullPremListWithoutWeek_Android_run1__CG1",SY,"referral:0",1
"tags:Multirun_FullPremListWithoutWeek_Android_run1__CG1",SY,"referral:1",6
"tags:Multirun_FullPremListWithoutWeek_Android_run1__CG1",OM,"referral:0",3
"tags:Multirun_FullPremListWithoutWeek_Android_run1__CG1",OM,"referral:1",3
"tags:Multirun_FullPremListWithoutWeek_Android_run1__CG1",CV,"referral:0",1
"tags:Multirun_FullPremListWithoutWeek_Android_run1__CG1",CV,"referral:1",4
"tags:Multirun_FullPremListWithoutWeek_Android_run1__CG1",GA,"referral:0",1
"tags:Multirun_FullPremListWithoutWeek_Android_run1__CG1",GA,"referral:1",4
"tags:Multirun_FullPremListWithoutWeek_Android_run1__CG1",LR,"referral:0",0
"tags:Multirun_FullPremListWithoutWeek_Android_run1__CG1",LR,"referral:1",5
"tags:Multirun_FullPremListWithoutWeek_Android_run1__CG1",MM,"referral:0",0
"tags:Multirun_FullPremListWithoutWeek_Android_run1__CG1",MM,"referral:1",5
"tags:Multirun_FullPremListWithoutWeek_Android_run1__CG1",MT,"referral:0",1
"tags:Multirun_FullPremListWithoutWeek_Android_run1__CG1",MT,"referral:1",4
"tags:Multirun_FullPremListWithoutWeek_Android_run1__CG1",MW,"referral:0",1
"tags:Multirun_FullPremListWithoutWeek_Android_run1__CG1",MW,"referral:1",4
"tags:Multirun_FullPremListWithoutWeek_Android_run1__CG1",TW,"referral:0",2
"tags:Multirun_FullPremListWithoutWeek_Android_run1__CG1",TW,"referral:1",3
"tags:Multirun_FullPremListWithoutWeek_Android_run1__CG1",AD,"referral:0",1
"tags:Multirun_FullPremListWithoutWeek_Android_run1__CG1",AD,"referral:1",3
"tags:Multirun_FullPremListWithoutWeek_Android_run1__CG1",BN,"referral:0",3
"tags:Multirun_FullPremListWithoutWeek_Android_run1__CG1",BN,"referral:1",1
"tags:Multirun_FullPremListWithoutWeek_Android_run1__CG1",BS,"referral:0",3
"tags:Multirun_FullPremListWithoutWeek_Android_run1__CG1",BS,"referral:1",1
"tags:Multirun_FullPremListWithoutWeek_Android_run1__CG1",BT,"referral:0",1
"tags:Multirun_FullPremListWithoutWeek_Android_run1__CG1",BT,"referral:1",3
"tags:Multirun_FullPremListWithoutWeek_Android_run1__CG1",NZ,"referral:0",2
"tags:Multirun_FullPremListWithoutWeek_Android_run1__CG1",NZ,"referral:1",2
"tags:Multirun_FullPremListWithoutWeek_Android_run1__CG1",TG,"referral:0",1
"tags:Multirun_FullPremListWithoutWeek_Android_run1__CG1",TG,"referral:1",3
"tags:Multirun_FullPremListWithoutWeek_Android_run1__CG1",GD,"referral:0",0
"tags:Multirun_FullPremListWithoutWeek_Android_run1__CG1",GD,"referral:1",3
"tags:Multirun_FullPremListWithoutWeek_Android_run1__CG1",GW,"referral:0",1
"tags:Multirun_FullPremListWithoutWeek_Android_run1__CG1",GW,"referral:1",2
"tags:Multirun_FullPremListWithoutWeek_Android_run1__CG1",IS,"referral:0",1
"tags:Multirun_FullPremListWithoutWeek_Android_run1__CG1",IS,"referral:1",2
"tags:Multirun_FullPremListWithoutWeek_Android_run1__CG1",RW,"referral:0",1
"tags:Multirun_FullPremListWithoutWeek_Android_run1__CG1",RW,"referral:1",2
"tags:Multirun_FullPremListWithoutWeek_Android_run1__CG1",SO,"referral:0",0
"tags:Multirun_FullPremListWithoutWeek_Android_run1__CG1",SO,"referral:1",3
"tags:Multirun_FullPremListWithoutWeek_Android_run1__CG1",AW,"referral:0",1
"tags:Multirun_FullPremListWithoutWeek_Android_run1__CG1",AW,"referral:1",1
"tags:Multirun_FullPremListWithoutWeek_Android_run1__CG1",BW,"referral:0",1
"tags:Multirun_FullPremListWithoutWeek_Android_run1__CG1",BW,"referral:1",1
"tags:Multirun_FullPremListWithoutWeek_Android_run1__CG1",DJ,"referral:0",1
"tags:Multirun_FullPremListWithoutWeek_Android_run1__CG1",DJ,"referral:1",1
"tags:Multirun_FullPremListWithoutWeek_Android_run1__CG1",GF,"referral:0",1
"tags:Multirun_FullPremListWithoutWeek_Android_run1__CG1",GF,"referral:1",1
"tags:Multirun_FullPremListWithoutWeek_Android_run1__CG1",GM,"referral:0",0
"tags:Multirun_FullPremListWithoutWeek_Android_run1__CG1",GM,"referral:1",2
"tags:Multirun_FullPremListWithoutWeek_Android_run1__CG1",GN,"referral:0",0
"tags:Multirun_FullPremListWithoutWeek_Android_run1__CG1",GN,"referral:1",2
"tags:Multirun_FullPremListWithoutWeek_Android_run1__CG1",GU,"referral:0",0
"tags:Multirun_FullPremListWithoutWeek_Android_run1__CG1",GU,"referral:1",2
"tags:Multirun_FullPremListWithoutWeek_Android_run1__CG1",ME,"referral:0",1
"tags:Multirun_FullPremListWithoutWeek_Android_run1__CG1",ME,"referral:1",1
"tags:Multirun_FullPremListWithoutWeek_Android_run1__CG1",ML,"referral:0",1
"tags:Multirun_FullPremListWithoutWeek_Android_run1__CG1",ML,"referral:1",1
"tags:Multirun_FullPremListWithoutWeek_Android_run1__CG1",MV,"referral:0",1
"tags:Multirun_FullPremListWithoutWeek_Android_run1__CG1",MV,"referral:1",1
"tags:Multirun_FullPremListWithoutWeek_Android_run1__CG1",NE,"referral:0",0
"tags:Multirun_FullPremListWithoutWeek_Android_run1__CG1",NE,"referral:1",2
"tags:Multirun_FullPremListWithoutWeek_Android_run1__CG1",PS,"referral:0",0
"tags:Multirun_FullPremListWithoutWeek_Android_run1__CG1",PS,"referral:1",2
"tags:Multirun_FullPremListWithoutWeek_Android_run1__CG1",SB,"referral:0",1
"tags:Multirun_FullPremListWithoutWeek_Android_run1__CG1",SB,"referral:1",1
"tags:Multirun_FullPremListWithoutWeek_Android_run1__CG1",ST,"referral:0",0
"tags:Multirun_FullPremListWithoutWeek_Android_run1__CG1",ST,"referral:1",2
"tags:Multirun_FullPremListWithoutWeek_Android_run1__CG1",AG,"referral:0",0
"tags:Multirun_FullPremListWithoutWeek_Android_run1__CG1",AG,"referral:1",1
"tags:Multirun_FullPremListWithoutWeek_Android_run1__CG1",BI,"referral:0",0
"tags:Multirun_FullPremListWithoutWeek_Android_run1__CG1",BI,"referral:1",1
"tags:Multirun_FullPremListWithoutWeek_Android_run1__CG1",CF,"referral:0",0
"tags:Multirun_FullPremListWithoutWeek_Android_run1__CG1",CF,"referral:1",1
"tags:Multirun_FullPremListWithoutWeek_Android_run1__CG1",EH,"referral:0",1
"tags:Multirun_FullPremListWithoutWeek_Android_run1__CG1",EH,"referral:1",0
"tags:Multirun_FullPremListWithoutWeek_Android_run1__CG1",ER,"referral:0",0
"tags:Multirun_FullPremListWithoutWeek_Android_run1__CG1",ER,"referral:1",1
"tags:Multirun_FullPremListWithoutWeek_Android_run1__CG1",GL,"referral:0",0
"tags:Multirun_FullPremListWithoutWeek_Android_run1__CG1",GL,"referral:1",1
"tags:Multirun_FullPremListWithoutWeek_Android_run1__CG1",GP,"referral:0",0
"tags:Multirun_FullPremListWithoutWeek_Android_run1__CG1",GP,"referral:1",1
"tags:Multirun_FullPremListWithoutWeek_Android_run1__CG1",GQ,"referral:0",0
"tags:Multirun_FullPremListWithoutWeek_Android_run1__CG1",GQ,"referral:1",1
"tags:Multirun_FullPremListWithoutWeek_Android_run1__CG1",GY,"referral:0",0
"tags:Multirun_FullPremListWithoutWeek_Android_run1__CG1",GY,"referral:1",1
"tags:Multirun_FullPremListWithoutWeek_Android_run1__CG1",KP,"referral:0",0
"tags:Multirun_FullPremListWithoutWeek_Android_run1__CG1",KP,"referral:1",1
"tags:Multirun_FullPremListWithoutWeek_Android_run1__CG1",KY,"referral:0",0
"tags:Multirun_FullPremListWithoutWeek_Android_run1__CG1",KY,"referral:1",1
"tags:Multirun_FullPremListWithoutWeek_Android_run1__CG1",LA,"referral:0",0
"tags:Multirun_FullPremListWithoutWeek_Android_run1__CG1",LA,"referral:1",1
"tags:Multirun_FullPremListWithoutWeek_Android_run1__CG1",MN,"referral:0",0
"tags:Multirun_FullPremListWithoutWeek_Android_run1__CG1",MN,"referral:1",1
"tags:Multirun_FullPremListWithoutWeek_Android_run1__CG1",MR,"referral:0",0
"tags:Multirun_FullPremListWithoutWeek_Android_run1__CG1",MR,"referral:1",1
"tags:Multirun_FullPremListWithoutWeek_Android_run1__CG1",PF,"referral:0",0
"tags:Multirun_FullPremListWithoutWeek_Android_run1__CG1",PF,"referral:1",1
"tags:Multirun_FullPremListWithoutWeek_Android_run1__CG1",RE,"referral:0",0
"tags:Multirun_FullPremListWithoutWeek_Android_run1__CG1",RE,"referral:1",1
"tags:Multirun_FullPremListWithoutWeek_Android_run1__CG1",SL,"referral:0",0
"tags:Multirun_FullPremListWithoutWeek_Android_run1__CG1",SL,"referral:1",1
"tags:Multirun_FullPremListWithoutWeek_Android_run1__CG1",SM,"referral:0",0
"tags:Multirun_FullPremListWithoutWeek_Android_run1__CG1",SM,"referral:1",1
"tags:Multirun_FullPremListWithoutWeek_Android_run1__CG1",SR,"referral:0",1
"tags:Multirun_FullPremListWithoutWeek_Android_run1__CG1",SR,"referral:1",0
"tags:Multirun_FullPremListWithoutWeek_Android_run1__CG1",TD,"referral:0",0
"tags:Multirun_FullPremListWithoutWeek_Android_run1__CG1",TD,"referral:1",1
"tags:Multirun_FullPremListWithoutWeek_Android_run1__CG1",WS,"referral:0",0
"tags:Multirun_FullPremListWithoutWeek_Android_run1__CG1",WS,"referral:1",1
"tags:Multirun_FullPremListWithoutWeek_Android_run1__CG2",IN,"referral:0","1,270"
"tags:Multirun_FullPremListWithoutWeek_Android_run1__CG2",IN,"referral:1","4,215"
"tags:Multirun_FullPremListWithoutWeek_Android_run1__CG2",BR,"referral:0",362
"tags:Multirun_FullPremListWithoutWeek_Android_run1__CG2",BR,"referral:1","2,314"
"tags:Multirun_FullPremListWithoutWeek_Android_run1__CG2",TR,"referral:0",641
"tags:Multirun_FullPremListWithoutWeek_Android_run1__CG2",TR,"referral:1","1,379"
"tags:Multirun_FullPremListWithoutWeek_Android_run1__CG2",US,"referral:0",981
"tags:Multirun_FullPremListWithoutWeek_Android_run1__CG2",US,"referral:1",613
"tags:Multirun_FullPremListWithoutWeek_Android_run1__CG2",UA,"referral:0",747
"tags:Multirun_FullPremListWithoutWeek_Android_run1__CG2",UA,"referral:1",811
"tags:Multirun_FullPremListWithoutWeek_Android_run1__CG2",CO,"referral:0",442
"tags:Multirun_FullPremListWithoutWeek_Android_run1__CG2",CO,"referral:1","1,098"
"tags:Multirun_FullPremListWithoutWeek_Android_run1__CG2",MX,"referral:0",264
"tags:Multirun_FullPremListWithoutWeek_Android_run1__CG2",MX,"referral:1",789
"tags:Multirun_FullPremListWithoutWeek_Android_run1__CG2",PK,"referral:0",254
"tags:Multirun_FullPremListWithoutWeek_Android_run1__CG2",PK,"referral:1",550
"tags:Multirun_FullPremListWithoutWeek_Android_run1__CG2",KZ,"referral:0",269
"tags:Multirun_FullPremListWithoutWeek_Android_run1__CG2",KZ,"referral:1",394
"tags:Multirun_FullPremListWithoutWeek_Android_run1__CG2",ES,"referral:0",101
"tags:Multirun_FullPremListWithoutWeek_Android_run1__CG2",ES,"referral:1",432
"tags:Multirun_FullPremListWithoutWeek_Android_run1__CG2",PH,"referral:0",98
"tags:Multirun_FullPremListWithoutWeek_Android_run1__CG2",PH,"referral:1",377
"tags:Multirun_FullPremListWithoutWeek_Android_run1__CG2",PE,"referral:0",96
"tags:Multirun_FullPremListWithoutWeek_Android_run1__CG2",PE,"referral:1",374
"tags:Multirun_FullPremListWithoutWeek_Android_run1__CG2",BD,"referral:0",137
"tags:Multirun_FullPremListWithoutWeek_Android_run1__CG2",BD,"referral:1",330
"tags:Multirun_FullPremListWithoutWeek_Android_run1__CG2",AR,"referral:0",131
"tags:Multirun_FullPremListWithoutWeek_Android_run1__CG2",AR,"referral:1",327
"tags:Multirun_FullPremListWithoutWeek_Android_run1__CG2",CL,"referral:0",106
"tags:Multirun_FullPremListWithoutWeek_Android_run1__CG2",CL,"referral:1",274
"tags:Multirun_FullPremListWithoutWeek_Android_run1__CG2",EC,"referral:0",98
"tags:Multirun_FullPremListWithoutWeek_Android_run1__CG2",EC,"referral:1",243
"tags:Multirun_FullPremListWithoutWeek_Android_run1__CG2",PT,"referral:0",65
"tags:Multirun_FullPremListWithoutWeek_Android_run1__CG2",PT,"referral:1",267
"tags:Multirun_FullPremListWithoutWeek_Android_run1__CG2",NG,"referral:0",228
"tags:Multirun_FullPremListWithoutWeek_Android_run1__CG2",NG,"referral:1",72
"tags:Multirun_FullPremListWithoutWeek_Android_run1__CG2",DZ,"referral:0",114
"tags:Multirun_FullPremListWithoutWeek_Android_run1__CG2",DZ,"referral:1",179
"tags:Multirun_FullPremListWithoutWeek_Android_run1__CG2",RO,"referral:0",39
"tags:Multirun_FullPremListWithoutWeek_Android_run1__CG2",RO,"referral:1",253
"tags:Multirun_FullPremListWithoutWeek_Android_run1__CG2",BY,"referral:0",184
"tags:Multirun_FullPremListWithoutWeek_Android_run1__CG2",BY,"referral:1",103
"tags:Multirun_FullPremListWithoutWeek_Android_run1__CG2",DE,"referral:0",94
"tags:Multirun_FullPremListWithoutWeek_Android_run1__CG2",DE,"referral:1",176
"tags:Multirun_FullPremListWithoutWeek_Android_run1__CG2",EG,"referral:0",71
"tags:Multirun_FullPremListWithoutWeek_Android_run1__CG2",EG,"referral:1",174
"tags:Multirun_FullPremListWithoutWeek_Android_run1__CG2",AE,"referral:0",105
"tags:Multirun_FullPremListWithoutWeek_Android_run1__CG2",AE,"referral:1",137
"tags:Multirun_FullPremListWithoutWeek_Android_run1__CG2",FR,"referral:0",61
"tags:Multirun_FullPremListWithoutWeek_Android_run1__CG2",FR,"referral:1",181
"tags:Multirun_FullPremListWithoutWeek_Android_run1__CG2",BG,"referral:0",28
"tags:Multirun_FullPremListWithoutWeek_Android_run1__CG2",BG,"referral:1",176
"tags:Multirun_FullPremListWithoutWeek_Android_run1__CG2",NP,"referral:0",50
"tags:Multirun_FullPremListWithoutWeek_Android_run1__CG2",NP,"referral:1",153
"tags:Multirun_FullPremListWithoutWeek_Android_run1__CG2",CR,"referral:0",23
"tags:Multirun_FullPremListWithoutWeek_Android_run1__CG2",CR,"referral:1",176
"tags:Multirun_FullPremListWithoutWeek_Android_run1__CG2",UZ,"referral:0",45
"tags:Multirun_FullPremListWithoutWeek_Android_run1__CG2",UZ,"referral:1",149
"tags:Multirun_FullPremListWithoutWeek_Android_run1__CG2",AZ,"referral:0",80
"tags:Multirun_FullPremListWithoutWeek_Android_run1__CG2",AZ,"referral:1",108
"tags:Multirun_FullPremListWithoutWeek_Android_run1__CG2",BO,"referral:0",51
"tags:Multirun_FullPremListWithoutWeek_Android_run1__CG2",BO,"referral:1",137
"tags:Multirun_FullPremListWithoutWeek_Android_run1__CG2",GH,"referral:0",115
"tags:Multirun_FullPremListWithoutWeek_Android_run1__CG2",GH,"referral:1",72
"tags:Multirun_FullPremListWithoutWeek_Android_run1__CG2",IT,"referral:0",85
"tags:Multirun_FullPremListWithoutWeek_Android_run1__CG2",IT,"referral:1",98
"tags:Multirun_FullPremListWithoutWeek_Android_run1__CG2",GB,"referral:0",86
"tags:Multirun_FullPremListWithoutWeek_Android_run1__CG2",GB,"referral:1",95
"tags:Multirun_FullPremListWithoutWeek_Android_run1__CG2",LK,"referral:0",65
"tags:Multirun_FullPremListWithoutWeek_Android_run1__CG2",LK,"referral:1",110
"tags:Multirun_FullPremListWithoutWeek_Android_run1__CG2",MA,"referral:0",75
"tags:Multirun_FullPremListWithoutWeek_Android_run1__CG2",MA,"referral:1",100
"tags:Multirun_FullPremListWithoutWeek_Android_run1__CG2",MD,"referral:0",56
"tags:Multirun_FullPremListWithoutWeek_Android_run1__CG2",MD,"referral:1",119
"tags:Multirun_FullPremListWithoutWeek_Android_run1__CG2",GT,"referral:0",42
"tags:Multirun_FullPremListWithoutWeek_Android_run1__CG2",GT,"referral:1",118
"tags:Multirun_FullPremListWithoutWeek_Android_run1__CG2",KG,"referral:0",50
"tags:Multirun_FullPremListWithoutWeek_Android_run1__CG2",KG,"referral:1",107
"tags:Multirun_FullPremListWithoutWeek_Android_run1__CG2",VE,"referral:0",52
"tags:Multirun_FullPremListWithoutWeek_Android_run1__CG2",VE,"referral:1",102
"tags:Multirun_FullPremListWithoutWeek_Android_run1__CG2",AM,"referral:0",64
"tags:Multirun_FullPremListWithoutWeek_Android_run1__CG2",AM,"referral:1",79
"tags:Multirun_FullPremListWithoutWeek_Android_run1__CG2",MY,"referral:0",34
"tags:Multirun_FullPremListWithoutWeek_Android_run1__CG2",MY,"referral:1",105
"tags:Multirun_FullPremListWithoutWeek_Android_run1__CG2",TN,"referral:0",42
"tags:Multirun_FullPremListWithoutWeek_Android_run1__CG2",TN,"referral:1",94
"tags:Multirun_FullPremListWithoutWeek_Android_run1__CG2",ID,"referral:0",38
"tags:Multirun_FullPremListWithoutWeek_Android_run1__CG2",ID,"referral:1",85
"tags:Multirun_FullPremListWithoutWeek_Android_run1__CG2",DO,"referral:0",26
"tags:Multirun_FullPremListWithoutWeek_Android_run1__CG2",DO,"referral:1",86
"tags:Multirun_FullPremListWithoutWeek_Android_run1__CG2",SA,"referral:0",23
"tags:Multirun_FullPremListWithoutWeek_Android_run1__CG2",SA,"referral:1",86
"tags:Multirun_FullPremListWithoutWeek_Android_run1__CG2",NL,"referral:0",58
"tags:Multirun_FullPremListWithoutWeek_Android_run1__CG2",NL,"referral:1",50
"tags:Multirun_FullPremListWithoutWeek_Android_run1__CG2",PY,"referral:0",30
"tags:Multirun_FullPremListWithoutWeek_Android_run1__CG2",PY,"referral:1",78
"tags:Multirun_FullPremListWithoutWeek_Android_run1__CG2",LB,"referral:0",38
"tags:Multirun_FullPremListWithoutWeek_Android_run1__CG2",LB,"referral:1",61
"tags:Multirun_FullPremListWithoutWeek_Android_run1__CG2",SV,"referral:0",41
"tags:Multirun_FullPremListWithoutWeek_Android_run1__CG2",SV,"referral:1",50
"tags:Multirun_FullPremListWithoutWeek_Android_run1__CG2",BE,"referral:0",11
"tags:Multirun_FullPremListWithoutWeek_Android_run1__CG2",BE,"referral:1",74
"tags:Multirun_FullPremListWithoutWeek_Android_run1__CG2",CA,"referral:0",53
"tags:Multirun_FullPremListWithoutWeek_Android_run1__CG2",CA,"referral:1",27
"tags:Multirun_FullPremListWithoutWeek_Android_run1__CG2",TJ,"referral:0",17
"tags:Multirun_FullPremListWithoutWeek_Android_run1__CG2",TJ,"referral:1",62
"tags:Multirun_FullPremListWithoutWeek_Android_run1__CG2",UY,"referral:0",24
"tags:Multirun_FullPremListWithoutWeek_Android_run1__CG2",UY,"referral:1",55
"tags:Multirun_FullPremListWithoutWeek_Android_run1__CG2",ZA,"referral:0",21
"tags:Multirun_FullPremListWithoutWeek_Android_run1__CG2",ZA,"referral:1",57
"tags:Multirun_FullPremListWithoutWeek_Android_run1__CG2",HN,"referral:0",27
"tags:Multirun_FullPremListWithoutWeek_Android_run1__CG2",HN,"referral:1",49
"tags:Multirun_FullPremListWithoutWeek_Android_run1__CG2",PL,"referral:0",36
"tags:Multirun_FullPremListWithoutWeek_Android_run1__CG2",PL,"referral:1",39
"tags:Multirun_FullPremListWithoutWeek_Android_run1__CG2",MZ,"referral:0",11
"tags:Multirun_FullPremListWithoutWeek_Android_run1__CG2",MZ,"referral:1",59
"tags:Multirun_FullPremListWithoutWeek_Android_run1__CG2",KE,"referral:0",22
"tags:Multirun_FullPremListWithoutWeek_Android_run1__CG2",KE,"referral:1",38
"tags:Multirun_FullPremListWithoutWeek_Android_run1__CG2",RU,"referral:0",41
"tags:Multirun_FullPremListWithoutWeek_Android_run1__CG2",RU,"referral:1",17
"tags:Multirun_FullPremListWithoutWeek_Android_run1__CG2",UG,"referral:0",15
"tags:Multirun_FullPremListWithoutWeek_Android_run1__CG2",UG,"referral:1",39
"tags:Multirun_FullPremListWithoutWeek_Android_run1__CG2",JM,"referral:0",13
"tags:Multirun_FullPremListWithoutWeek_Android_run1__CG2",JM,"referral:1",38
"tags:Multirun_FullPremListWithoutWeek_Android_run1__CG2",JO,"referral:0",12
"tags:Multirun_FullPremListWithoutWeek_Android_run1__CG2",JO,"referral:1",39
"tags:Multirun_FullPremListWithoutWeek_Android_run1__CG2",AU,"referral:0",12
"tags:Multirun_FullPremListWithoutWeek_Android_run1__CG2",AU,"referral:1",38
"tags:Multirun_FullPremListWithoutWeek_Android_run1__CG2",IL,"referral:0",9
"tags:Multirun_FullPremListWithoutWeek_Android_run1__CG2",IL,"referral:1",41
"tags:Multirun_FullPremListWithoutWeek_Android_run1__CG2",MK,"referral:0",12
"tags:Multirun_FullPremListWithoutWeek_Android_run1__CG2",MK,"referral:1",38
"tags:Multirun_FullPremListWithoutWeek_Android_run1__CG2",RS,"referral:0",19
"tags:Multirun_FullPremListWithoutWeek_Android_run1__CG2",RS,"referral:1",29
"tags:Multirun_FullPremListWithoutWeek_Android_run1__CG2",TT,"referral:0",17
"tags:Multirun_FullPremListWithoutWeek_Android_run1__CG2",TT,"referral:1",30
"tags:Multirun_FullPremListWithoutWeek_Android_run1__CG2",AT,"referral:0",7
"tags:Multirun_FullPremListWithoutWeek_Android_run1__CG2",AT,"referral:1",39
"tags:Multirun_FullPremListWithoutWeek_Android_run1__CG2",KW,"referral:0",14
"tags:Multirun_FullPremListWithoutWeek_Android_run1__CG2",KW,"referral:1",27
"tags:Multirun_FullPremListWithoutWeek_Android_run1__CG2",NI,"referral:0",11
"tags:Multirun_FullPremListWithoutWeek_Android_run1__CG2",NI,"referral:1",29
"tags:Multirun_FullPremListWithoutWeek_Android_run1__CG2",LV,"referral:0",18
"tags:Multirun_FullPremListWithoutWeek_Android_run1__CG2",LV,"referral:1",19
"tags:Multirun_FullPremListWithoutWeek_Android_run1__CG2",CY,"referral:0",13
"tags:Multirun_FullPremListWithoutWeek_Android_run1__CG2",CY,"referral:1",23
"tags:Multirun_FullPremListWithoutWeek_Android_run1__CG2",GR,"referral:0",5
"tags:Multirun_FullPremListWithoutWeek_Android_run1__CG2",GR,"referral:1",31
"tags:Multirun_FullPremListWithoutWeek_Android_run1__CG2",HR,"referral:0",9
"tags:Multirun_FullPremListWithoutWeek_Android_run1__CG2",HR,"referral:1",27
"tags:Multirun_FullPremListWithoutWeek_Android_run1__CG2",HU,"referral:0",6
"tags:Multirun_FullPremListWithoutWeek_Android_run1__CG2",HU,"referral:1",30
"tags:Multirun_FullPremListWithoutWeek_Android_run1__CG2",PR,"referral:0",6
"tags:Multirun_FullPremListWithoutWeek_Android_run1__CG2",PR,"referral:1",29
"tags:Multirun_FullPremListWithoutWeek_Android_run1__CG2",TZ,"referral:0",9
"tags:Multirun_FullPremListWithoutWeek_Android_run1__CG2",TZ,"referral:1",26
"tags:Multirun_FullPremListWithoutWeek_Android_run1__CG2",SE,"referral:0",9
"tags:Multirun_FullPremListWithoutWeek_Android_run1__CG2",SE,"referral:1",23
"tags:Multirun_FullPremListWithoutWeek_Android_run1__CG2",CM,"referral:0",12
"tags:Multirun_FullPremListWithoutWeek_Android_run1__CG2",CM,"referral:1",18
"tags:Multirun_FullPremListWithoutWeek_Android_run1__CG2",IQ,"referral:0",14
"tags:Multirun_FullPremListWithoutWeek_Android_run1__CG2",IQ,"referral:1",15
"tags:Multirun_FullPremListWithoutWeek_Android_run1__CG2",PA,"referral:0",14
"tags:Multirun_FullPremListWithoutWeek_Android_run1__CG2",PA,"referral:1",15
"tags:Multirun_FullPremListWithoutWeek_Android_run1__CG2",TH,"referral:0",9
"tags:Multirun_FullPremListWithoutWeek_Android_run1__CG2",TH,"referral:1",20
"tags:Multirun_FullPremListWithoutWeek_Android_run1__CG2",QA,"referral:0",6
"tags:Multirun_FullPremListWithoutWeek_Android_run1__CG2",QA,"referral:1",22
"tags:Multirun_FullPremListWithoutWeek_Android_run1__CG2",BA,"referral:0",8
"tags:Multirun_FullPremListWithoutWeek_Android_run1__CG2",BA,"referral:1",18
"tags:Multirun_FullPremListWithoutWeek_Android_run1__CG2",LT,"referral:0",9
"tags:Multirun_FullPremListWithoutWeek_Android_run1__CG2",LT,"referral:1",17
"tags:Multirun_FullPremListWithoutWeek_Android_run1__CG2",MU,"referral:0",4
"tags:Multirun_FullPremListWithoutWeek_Android_run1__CG2",MU,"referral:1",22
"tags:Multirun_FullPremListWithoutWeek_Android_run1__CG2",ZM,"referral:0",5
"tags:Multirun_FullPremListWithoutWeek_Android_run1__CG2",ZM,"referral:1",21
"tags:Multirun_FullPremListWithoutWeek_Android_run1__CG2",IR,"referral:0",9
"tags:Multirun_FullPremListWithoutWeek_Android_run1__CG2",IR,"referral:1",16
"tags:Multirun_FullPremListWithoutWeek_Android_run1__CG2",CN,"referral:0",11
"tags:Multirun_FullPremListWithoutWeek_Android_run1__CG2",CN,"referral:1",13
"tags:Multirun_FullPremListWithoutWeek_Android_run1__CG2",EE,"referral:0",8
"tags:Multirun_FullPremListWithoutWeek_Android_run1__CG2",EE,"referral:1",16
"tags:Multirun_FullPremListWithoutWeek_Android_run1__CG2",KR,"referral:0",10
"tags:Multirun_FullPremListWithoutWeek_Android_run1__CG2",KR,"referral:1",14
"tags:Multirun_FullPremListWithoutWeek_Android_run1__CG2",SG,"referral:0",10
"tags:Multirun_FullPremListWithoutWeek_Android_run1__CG2",SG,"referral:1",13
"tags:Multirun_FullPremListWithoutWeek_Android_run1__CG2",CZ,"referral:0",11
"tags:Multirun_FullPremListWithoutWeek_Android_run1__CG2",CZ,"referral:1",11
"tags:Multirun_FullPremListWithoutWeek_Android_run1__CG2",GE,"referral:0",15
"tags:Multirun_FullPremListWithoutWeek_Android_run1__CG2",GE,"referral:1",7
"tags:Multirun_FullPremListWithoutWeek_Android_run1__CG2",SI,"referral:0",5
"tags:Multirun_FullPremListWithoutWeek_Android_run1__CG2",SI,"referral:1",17
"tags:Multirun_FullPremListWithoutWeek_Android_run1__CG2",SY,"referral:0",4
"tags:Multirun_FullPremListWithoutWeek_Android_run1__CG2",SY,"referral:1",18
"tags:Multirun_FullPremListWithoutWeek_Android_run1__CG2",CU,"referral:0",3
"tags:Multirun_FullPremListWithoutWeek_Android_run1__CG2",CU,"referral:1",18
"tags:Multirun_FullPremListWithoutWeek_Android_run1__CG2",FI,"referral:0",7
"tags:Multirun_FullPremListWithoutWeek_Android_run1__CG2",FI,"referral:1",14
"tags:Multirun_FullPremListWithoutWeek_Android_run1__CG2",FJ,"referral:0",5
"tags:Multirun_FullPremListWithoutWeek_Android_run1__CG2",FJ,"referral:1",15
"tags:Multirun_FullPremListWithoutWeek_Android_run1__CG2",KH,"referral:0",4
"tags:Multirun_FullPremListWithoutWeek_Android_run1__CG2",KH,"referral:1",16
"tags:Multirun_FullPremListWithoutWeek_Android_run1__CG2",SK,"referral:0",8
"tags:Multirun_FullPremListWithoutWeek_Android_run1__CG2",SK,"referral:1",11
"tags:Multirun_FullPremListWithoutWeek_Android_run1__CG2",YE,"referral:0",9
"tags:Multirun_FullPremListWithoutWeek_Android_run1__CG2",YE,"referral:1",10
"tags:Multirun_FullPremListWithoutWeek_Android_run1__CG2",CH,"referral:0",4
"tags:Multirun_FullPremListWithoutWeek_Android_run1__CG2",CH,"referral:1",13
"tags:Multirun_FullPremListWithoutWeek_Android_run1__CG2",SD,"referral:0",5
"tags:Multirun_FullPremListWithoutWeek_Android_run1__CG2",SD,"referral:1",11
"tags:Multirun_FullPremListWithoutWeek_Android_run1__CG2",VN,"referral:0",5
"tags:Multirun_FullPremListWithoutWeek_Android_run1__CG2",VN,"referral:1",11
"tags:Multirun_FullPremListWithoutWeek_Android_run1__CG2",CI,"referral:0",11
"tags:Multirun_FullPremListWithoutWeek_Android_run1__CG2",CI,"referral:1",4
"tags:Multirun_FullPremListWithoutWeek_Android_run1__CG2",IE,"referral:0",6
"tags:Multirun_FullPremListWithoutWeek_Android_run1__CG2",IE,"referral:1",8
"tags:Multirun_FullPremListWithoutWeek_Android_run1__CG2",AF,"referral:0",4
"tags:Multirun_FullPremListWithoutWeek_Android_run1__CG2",AF,"referral:1",9
"tags:Multirun_FullPremListWithoutWeek_Android_run1__CG2",ET,"referral:0",3
"tags:Multirun_FullPremListWithoutWeek_Android_run1__CG2",ET,"referral:1",10
"tags:Multirun_FullPremListWithoutWeek_Android_run1__CG2",LU,"referral:0",2
"tags:Multirun_FullPremListWithoutWeek_Android_run1__CG2",LU,"referral:1",11
"tags:Multirun_FullPremListWithoutWeek_Android_run1__CG2",AO,"referral:0",0
"tags:Multirun_FullPremListWithoutWeek_Android_run1__CG2",AO,"referral:1",12
"tags:Multirun_FullPremListWithoutWeek_Android_run1__CG2",BH,"referral:0",6
"tags:Multirun_FullPremListWithoutWeek_Android_run1__CG2",BH,"referral:1",6
"tags:Multirun_FullPremListWithoutWeek_Android_run1__CG2",NZ,"referral:0",3
"tags:Multirun_FullPremListWithoutWeek_Android_run1__CG2",NZ,"referral:1",9
"tags:Multirun_FullPremListWithoutWeek_Android_run1__CG2",AL,"referral:0",5
"tags:Multirun_FullPremListWithoutWeek_Android_run1__CG2",AL,"referral:1",6
"tags:Multirun_FullPremListWithoutWeek_Android_run1__CG2",JP,"referral:0",2
"tags:Multirun_FullPremListWithoutWeek_Android_run1__CG2",JP,"referral:1",9
"tags:Multirun_FullPremListWithoutWeek_Android_run1__CG2",MM,"referral:0",2
"tags:Multirun_FullPremListWithoutWeek_Android_run1__CG2",MM,"referral:1",9
"tags:Multirun_FullPremListWithoutWeek_Android_run1__CG2",NA,"referral:0",3
"tags:Multirun_FullPremListWithoutWeek_Android_run1__CG2",NA,"referral:1",8
"tags:Multirun_FullPremListWithoutWeek_Android_run1__CG2",PG,"referral:0",6
"tags:Multirun_FullPremListWithoutWeek_Android_run1__CG2",PG,"referral:1",5
"tags:Multirun_FullPremListWithoutWeek_Android_run1__CG2",SN,"referral:0",6
"tags:Multirun_FullPremListWithoutWeek_Android_run1__CG2",SN,"referral:1",5
"tags:Multirun_FullPremListWithoutWeek_Android_run1__CG2",MW,"referral:0",4
"tags:Multirun_FullPremListWithoutWeek_Android_run1__CG2",MW,"referral:1",6
"tags:Multirun_FullPremListWithoutWeek_Android_run1__CG2",BJ,"referral:0",4
"tags:Multirun_FullPremListWithoutWeek_Android_run1__CG2",BJ,"referral:1",5
"tags:Multirun_FullPremListWithoutWeek_Android_run1__CG2",BZ,"referral:0",1
"tags:Multirun_FullPremListWithoutWeek_Android_run1__CG2",BZ,"referral:1",8
"tags:Multirun_FullPremListWithoutWeek_Android_run1__CG2",ZW,"referral:0",2
"tags:Multirun_FullPremListWithoutWeek_Android_run1__CG2",ZW,"referral:1",7
"tags:Multirun_FullPremListWithoutWeek_Android_run1__CG2",CD,"referral:0",0
"tags:Multirun_FullPremListWithoutWeek_Android_run1__CG2",CD,"referral:1",8
"tags:Multirun_FullPremListWithoutWeek_Android_run1__CG2",HT,"referral:0",7
"tags:Multirun_FullPremListWithoutWeek_Android_run1__CG2",HT,"referral:1",1
"tags:Multirun_FullPremListWithoutWeek_Android_run1__CG2",LR,"referral:0",3
"tags:Multirun_FullPremListWithoutWeek_Android_run1__CG2",LR,"referral:1",5
"tags:Multirun_FullPremListWithoutWeek_Android_run1__CG2",OM,"referral:0",4
"tags:Multirun_FullPremListWithoutWeek_Android_run1__CG2",OM,"referral:1",4
"tags:Multirun_FullPremListWithoutWeek_Android_run1__CG2",BF,"referral:0",2
"tags:Multirun_FullPremListWithoutWeek_Android_run1__CG2",BF,"referral:1",5
"tags:Multirun_FullPremListWithoutWeek_Android_run1__CG2",BT,"referral:0",4
"tags:Multirun_FullPremListWithoutWeek_Android_run1__CG2",BT,"referral:1",3
"tags:Multirun_FullPremListWithoutWeek_Android_run1__CG2",GW,"referral:0",0
"tags:Multirun_FullPremListWithoutWeek_Android_run1__CG2",GW,"referral:1",7
"tags:Multirun_FullPremListWithoutWeek_Android_run1__CG2",MT,"referral:0",2
"tags:Multirun_FullPremListWithoutWeek_Android_run1__CG2",MT,"referral:1",5
"tags:Multirun_FullPremListWithoutWeek_Android_run1__CG2",NO,"referral:0",4
"tags:Multirun_FullPremListWithoutWeek_Android_run1__CG2",NO,"referral:1",3
"tags:Multirun_FullPremListWithoutWeek_Android_run1__CG2",BS,"referral:0",3
"tags:Multirun_FullPremListWithoutWeek_Android_run1__CG2",BS,"referral:1",3
"tags:Multirun_FullPremListWithoutWeek_Android_run1__CG2",DK,"referral:0",0
"tags:Multirun_FullPremListWithoutWeek_Android_run1__CG2",DK,"referral:1",5
"tags:Multirun_FullPremListWithoutWeek_Android_run1__CG2",GA,"referral:0",0
"tags:Multirun_FullPremListWithoutWeek_Android_run1__CG2",GA,"referral:1",5
"tags:Multirun_FullPremListWithoutWeek_Android_run1__CG2",GD,"referral:0",2
"tags:Multirun_FullPremListWithoutWeek_Android_run1__CG2",GD,"referral:1",3
"tags:Multirun_FullPremListWithoutWeek_Android_run1__CG2",GM,"referral:0",4
"tags:Multirun_FullPremListWithoutWeek_Android_run1__CG2",GM,"referral:1",1
"tags:Multirun_FullPremListWithoutWeek_Android_run1__CG2",NE,"referral:0",0
"tags:Multirun_FullPremListWithoutWeek_Android_run1__CG2",NE,"referral:1",5
"tags:Multirun_FullPremListWithoutWeek_Android_run1__CG2",PS,"referral:0",0
"tags:Multirun_FullPremListWithoutWeek_Android_run1__CG2",PS,"referral:1",5
"tags:Multirun_FullPremListWithoutWeek_Android_run1__CG2",RW,"referral:0",2
"tags:Multirun_FullPremListWithoutWeek_Android_run1__CG2",RW,"referral:1",3
"tags:Multirun_FullPremListWithoutWeek_Android_run1__CG2",TD,"referral:0",2
"tags:Multirun_FullPremListWithoutWeek_Android_run1__CG2",TD,"referral:1",3
"tags:Multirun_FullPremListWithoutWeek_Android_run1__CG2",BW,"referral:0",0
"tags:Multirun_FullPremListWithoutWeek_Android_run1__CG2",BW,"referral:1",4
"tags:Multirun_FullPremListWithoutWeek_Android_run1__CG2",ML,"referral:0",0
"tags:Multirun_FullPremListWithoutWeek_Android_run1__CG2",ML,"referral:1",4
"tags:Multirun_FullPremListWithoutWeek_Android_run1__CG2",SB,"referral:0",1
"tags:Multirun_FullPremListWithoutWeek_Android_run1__CG2",SB,"referral:1",3
"tags:Multirun_FullPremListWithoutWeek_Android_run1__CG2",BN,"referral:0",3
"tags:Multirun_FullPremListWithoutWeek_Android_run1__CG2",BN,"referral:1",0
"tags:Multirun_FullPremListWithoutWeek_Android_run1__CG2",ST,"referral:0",0
"tags:Multirun_FullPremListWithoutWeek_Android_run1__CG2",ST,"referral:1",3
"tags:Multirun_FullPremListWithoutWeek_Android_run1__CG2",TG,"referral:0",1
"tags:Multirun_FullPremListWithoutWeek_Android_run1__CG2",TG,"referral:1",2
"tags:Multirun_FullPremListWithoutWeek_Android_run1__CG2",TM,"referral:0",0
"tags:Multirun_FullPremListWithoutWeek_Android_run1__CG2",TM,"referral:1",3
"tags:Multirun_FullPremListWithoutWeek_Android_run1__CG2",AD,"referral:0",2
"tags:Multirun_FullPremListWithoutWeek_Android_run1__CG2",AD,"referral:1",0
"tags:Multirun_FullPremListWithoutWeek_Android_run1__CG2",AW,"referral:0",0
"tags:Multirun_FullPremListWithoutWeek_Android_run1__CG2",AW,"referral:1",2
"tags:Multirun_FullPremListWithoutWeek_Android_run1__CG2",BI,"referral:0",1
"tags:Multirun_FullPremListWithoutWeek_Android_run1__CG2",BI,"referral:1",1
"tags:Multirun_FullPremListWithoutWeek_Android_run1__CG2",CF,"referral:0",1
"tags:Multirun_FullPremListWithoutWeek_Android_run1__CG2",CF,"referral:1",1
"tags:Multirun_FullPremListWithoutWeek_Android_run1__CG2",CV,"referral:0",0
"tags:Multirun_FullPremListWithoutWeek_Android_run1__CG2",CV,"referral:1",2
"tags:Multirun_FullPremListWithoutWeek_Android_run1__CG2",GN,"referral:0",2
"tags:Multirun_FullPremListWithoutWeek_Android_run1__CG2",GN,"referral:1",0
"tags:Multirun_FullPremListWithoutWeek_Android_run1__CG2",GQ,"referral:0",0
"tags:Multirun_FullPremListWithoutWeek_Android_run1__CG2",GQ,"referral:1",2
"tags:Multirun_FullPremListWithoutWeek_Android_run1__CG2",IS,"referral:0",1
"tags:Multirun_FullPremListWithoutWeek_Android_run1__CG2",IS,"referral:1",1
"tags:Multirun_FullPremListWithoutWeek_Android_run1__CG2",LY,"referral:0",2
"tags:Multirun_FullPremListWithoutWeek_Android_run1__CG2",LY,"referral:1",0
"tags:Multirun_FullPremListWithoutWeek_Android_run1__CG2",MG,"referral:0",1
"tags:Multirun_FullPremListWithoutWeek_Android_run1__CG2",MG,"referral:1",1
"tags:Multirun_FullPremListWithoutWeek_Android_run1__CG2",MN,"referral:0",0
"tags:Multirun_FullPremListWithoutWeek_Android_run1__CG2",MN,"referral:1",2
"tags:Multirun_FullPremListWithoutWeek_Android_run1__CG2",SL,"referral:0",0
"tags:Multirun_FullPremListWithoutWeek_Android_run1__CG2",SL,"referral:1",2
"tags:Multirun_FullPremListWithoutWeek_Android_run1__CG2",AG,"referral:0",0
"tags:Multirun_FullPremListWithoutWeek_Android_run1__CG2",AG,"referral:1",1
"tags:Multirun_FullPremListWithoutWeek_Android_run1__CG2",BB,"referral:0",0
"tags:Multirun_FullPremListWithoutWeek_Android_run1__CG2",BB,"referral:1",1
"tags:Multirun_FullPremListWithoutWeek_Android_run1__CG2",DJ,"referral:0",0
"tags:Multirun_FullPremListWithoutWeek_Android_run1__CG2",DJ,"referral:1",1
"tags:Multirun_FullPremListWithoutWeek_Android_run1__CG2",GF,"referral:0",0
"tags:Multirun_FullPremListWithoutWeek_Android_run1__CG2",GF,"referral:1",1
"tags:Multirun_FullPremListWithoutWeek_Android_run1__CG2",GU,"referral:0",0
"tags:Multirun_FullPremListWithoutWeek_Android_run1__CG2",GU,"referral:1",1
"tags:Multirun_FullPremListWithoutWeek_Android_run1__CG2",GY,"referral:0",0
"tags:Multirun_FullPremListWithoutWeek_Android_run1__CG2",GY,"referral:1",1
"tags:Multirun_FullPremListWithoutWeek_Android_run1__CG2",KY,"referral:0",1
"tags:Multirun_FullPremListWithoutWeek_Android_run1__CG2",KY,"referral:1",0
"tags:Multirun_FullPremListWithoutWeek_Android_run1__CG2",LC,"referral:0",0
"tags:Multirun_FullPremListWithoutWeek_Android_run1__CG2",LC,"referral:1",1
"tags:Multirun_FullPremListWithoutWeek_Android_run1__CG2",MC,"referral:0",0
"tags:Multirun_FullPremListWithoutWeek_Android_run1__CG2",MC,"referral:1",1
"tags:Multirun_FullPremListWithoutWeek_Android_run1__CG2",MR,"referral:0",0
"tags:Multirun_FullPremListWithoutWeek_Android_run1__CG2",MR,"referral:1",1
"tags:Multirun_FullPremListWithoutWeek_Android_run1__CG2",NC,"referral:0",0
"tags:Multirun_FullPremListWithoutWeek_Android_run1__CG2",NC,"referral:1",1
"tags:Multirun_FullPremListWithoutWeek_Android_run1__CG2",SC,"referral:0",0
"tags:Multirun_FullPremListWithoutWeek_Android_run1__CG2",SC,"referral:1",1
"tags:Multirun_FullPremListWithoutWeek_Android_run1__CG2",SO,"referral:0",0
"tags:Multirun_FullPremListWithoutWeek_Android_run1__CG2",SO,"referral:1",1
"tags:Multirun_FullPremListWithoutWeek_Android_run1__CG2",TL,"referral:0",0
"tags:Multirun_FullPremListWithoutWeek_Android_run1__CG2",TL,"referral:1",1
"tags:Multirun_FullPremListWithoutWeek_Android_run1__CG2",TW,"referral:0",1
"tags:Multirun_FullPremListWithoutWeek_Android_run1__CG2",TW,"referral:1",0
"tags:Multirun_FullPremListWithoutWeek_Android_run1__CG2",VG,"referral:0",0
"tags:Multirun_FullPremListWithoutWeek_Android_run1__CG2",VG,"referral:1",1
